dia,fips,sex,race,diabete3
1,1,1,1,0.146339727
1,1,1,2,0.163848937
1,1,1,3,0.075137236
1,1,1,4,0.187344948
1,1,1,5,0.064306063
1,2,1,1,0.070790363
1,2,1,2,0.174319282
1,2,1,3,0.012474389
1,2,1,4,0.079622417
1,2,1,5,0.074394516
1,4,1,1,0.113892922
1,4,1,2,0.157644236
1,4,1,3,0.131454722
1,4,1,4,0.12790733
1,4,1,5,0.143230992
1,5,1,1,0.134154881
1,5,1,2,0.174932126
1,5,1,3,0.038394949
1,5,1,4,0.128482473
1,5,1,5,0.04595483
1,6,1,1,0.097449605
1,6,1,2,0.078974292
1,6,1,3,0.115612851
1,6,1,4,0.12095969
1,6,1,5,0.037727845
1,8,1,1,0.065119237
1,8,1,2,0.053225041
1,8,1,3,0.078404489
1,8,1,4,0.054720803
1,8,1,5,0.082442223
1,9,1,1,0.100951945
1,9,1,2,0.142243213
1,9,1,3,0.098085124
1,9,1,4,0.078135974
1,9,1,5,0.096647378
1,10,1,1,0.121171867
1,10,1,2,0.107065597
1,10,1,3,0.060631485
1,10,1,4,0.084313396
1,10,1,5,0.163242545
1,11,1,1,0.02623779
1,11,1,2,0.122222461
1,11,1,3,0.01710198
1,11,1,4,0.012472119
1,11,1,5,0
1,12,1,1,0.131959961
1,12,1,2,0.152599408
1,12,1,3,0.099553105
1,12,1,4,0.110868927
1,12,1,5,0.075307705
1,13,1,1,0.131644402
1,13,1,2,0.117327568
1,13,1,3,0.086395625
1,13,1,4,0.061911724
1,13,1,5,0.052137232
1,15,1,1,0.068659066
1,15,1,2,0.102624905
1,15,1,3,0.081752834
1,15,1,4,0.13735086
1,15,1,5,0.117857808
1,16,1,1,0.084089584
1,16,1,2,0
1,16,1,3,0.114563371
1,16,1,4,0.103242667
1,16,1,5,0.161649775
1,17,1,1,0.094774367
1,17,1,2,0.160388595
1,17,1,3,0.089120411
1,17,1,4,0.067880774
1,17,1,5,0.030068604
1,18,1,1,0.114585771
1,18,1,2,0.181292834
1,18,1,3,0.095503336
1,18,1,4,0.056137549
1,18,1,5,0.084601216
1,19,1,1,0.095355556
1,19,1,2,0.033322287
1,19,1,3,0.066789256
1,19,1,4,0.068358122
1,19,1,5,0.050764218
1,20,1,1,0.099985529
1,20,1,2,0.15492164
1,20,1,3,0.061885899
1,20,1,4,0.087599543
1,20,1,5,0.093263067
1,21,1,1,0.142468743
1,21,1,2,0.122443959
1,21,1,3,0.043737138
1,21,1,4,0.176273909
1,21,1,5,0.202617421
1,22,1,1,0.112727616
1,22,1,2,0.108365239
1,22,1,3,0.101999097
1,22,1,4,0.151796801
1,22,1,5,0.126250379
1,23,1,1,0.114260407
1,23,1,2,0.049593443
1,23,1,3,0.0713014
1,23,1,4,0.078976429
1,23,1,5,0.164476041
1,24,1,1,0.111082486
1,24,1,2,0.144812394
1,24,1,3,0.079900632
1,24,1,4,0.072104751
1,24,1,5,0.115093692
1,25,1,1,0.097401597
1,25,1,2,0.140334911
1,25,1,3,0.081125289
1,25,1,4,0.064976618
1,25,1,5,0.235976651
1,26,1,1,0.121346974
1,26,1,2,0.145221909
1,26,1,3,0.101267665
1,26,1,4,0.071955767
1,26,1,5,0.128513717
1,27,1,1,0.093889296
1,27,1,2,0.086621208
1,27,1,3,0.065574149
1,27,1,4,0.089346725
1,27,1,5,0.063216525
1,28,1,1,0.123324191
1,28,1,2,0.151334698
1,28,1,3,0.103167723
1,28,1,4,0.110057942
1,28,1,5,0.114357046
1,29,1,1,0.124140551
1,29,1,2,0.13221164
1,29,1,3,0.075384261
1,29,1,4,0.065111097
1,29,1,5,0.115988023
1,30,1,1,0.078554737
1,30,1,2,0.108359273
1,30,1,3,0.048702184
1,30,1,4,0.158107578
1,30,1,5,0.085734848
1,31,1,1,0.087349913
1,31,1,2,0.081538126
1,31,1,3,0.056340243
1,31,1,4,0.1169827
1,31,1,5,0.199464811
1,32,1,1,0.122977371
1,32,1,2,0.160188435
1,32,1,3,0.078056543
1,32,1,4,0.071108977
1,32,1,5,0.023015152
1,33,1,1,0.106516865
1,33,1,2,0.019411302
1,33,1,3,0.157812336
1,33,1,4,0.081766425
1,33,1,5,0.089645955
1,34,1,1,0.09101507
1,34,1,2,0.165697017
1,34,1,3,0.093992171
1,34,1,4,0.066403508
1,34,1,5,0.014766377
1,35,1,1,0.100560842
1,35,1,2,0.099977539
1,35,1,3,0.12010802
1,35,1,4,0.221286288
1,35,1,5,0.055217489
1,36,1,1,0.100154977
1,36,1,2,0.122792851
1,36,1,3,0.103811725
1,36,1,4,0.122163681
1,36,1,5,0.094880761
1,37,1,1,0.108098143
1,37,1,2,0.131049023
1,37,1,3,0.064054377
1,37,1,4,0.070242996
1,37,1,5,0.154865153
1,38,1,1,0.095711906
1,38,1,2,0.122474703
1,38,1,3,0.039789281
1,38,1,4,0.119668094
1,38,1,5,0.019010703
1,39,1,1,0.115062955
1,39,1,2,0.130482094
1,39,1,3,0.101784953
1,39,1,4,0.06627799
1,39,1,5,0.154292643
1,40,1,1,0.121039794
1,40,1,2,0.126690314
1,40,1,3,0.087435421
1,40,1,4,0.140563338
1,40,1,5,0.127595792
1,41,1,1,0.094632907
1,41,1,2,0.081214949
1,41,1,3,0.131562146
1,41,1,4,0.116347472
1,41,1,5,0.117582612
1,42,1,1,0.11971233
1,42,1,2,0.109913868
1,42,1,3,0.172912578
1,42,1,4,0.073025333
1,42,1,5,0.070908354
1,44,1,1,0.114709459
1,44,1,2,0.062172776
1,44,1,3,0.066308557
1,44,1,4,0.086798163
1,44,1,5,0.070944723
1,45,1,1,0.12873559
1,45,1,2,0.149080901
1,45,1,3,0.016352288
1,45,1,4,0.13008914
1,45,1,5,0.109414996
1,46,1,1,0.089536761
1,46,1,2,0.02305577
1,46,1,3,0.028466639
1,46,1,4,0.072570796
1,46,1,5,0.038996813
1,47,1,1,0.137250304
1,47,1,2,0.111789965
1,47,1,3,0.093236091
1,47,1,4,0.180723043
1,47,1,5,0.189950142
1,48,1,1,0.106539443
1,48,1,2,0.158522907
1,48,1,3,0.106392882
1,48,1,4,0.12016568
1,48,1,5,0.047316073
1,49,1,1,0.081660897
1,49,1,2,0.108184303
1,49,1,3,0.055872865
1,49,1,4,0.081817856
1,49,1,5,0.074803422
1,50,1,1,0.088223633
1,50,1,2,0.052575565
1,50,1,3,0
1,50,1,4,0.194443321
1,50,1,5,0.054512256
1,51,1,1,0.113243354
1,51,1,2,0.145082441
1,51,1,3,0.039266341
1,51,1,4,0.054281043
1,51,1,5,0.060021296
1,53,1,1,0.100294989
1,53,1,2,0.12506256
1,53,1,3,0.074377804
1,53,1,4,0.074578052
1,53,1,5,0.12496823
1,54,1,1,0.152266161
1,54,1,2,0.119822916
1,54,1,3,0.161853722
1,54,1,4,0.168331462
1,54,1,5,0.128563711
1,55,1,1,0.114471831
1,55,1,2,0.143777157
1,55,1,3,0.090058581
1,55,1,4,0.058655122
1,55,1,5,0.176789512
1,56,1,1,0.082721177
1,56,1,2,0.215534518
1,56,1,3,0.0982588
1,56,1,4,0.027618647
1,56,1,5,0.070487803
1,66,1,1,0.057644475
1,66,1,2,0
1,66,1,3,0.091427766
1,66,1,4,0.095879828
1,66,1,5,0.066940141
1,72,1,1,0.509551746
1,72,1,2,0
1,72,1,3,0.149240204
1,72,1,4,0.028709043
1,72,1,5,1
1,78,1,1,0.053104659
1,78,1,2,0.134241876
1,78,1,3,0.089368605
1,78,1,4,0.238950533
1,78,1,5,0
1,1,2,1,0.167152238
1,1,2,2,0.19969974
1,1,2,3,0.217337034
1,1,2,4,0.136783774
1,1,2,5,0.136292867
1,2,2,1,0.11937716
1,2,2,2,0.087741991
1,2,2,3,0.128453587
1,2,2,4,0.081400883
1,2,2,5,0.070563398
1,4,2,1,0.108885883
1,4,2,2,0.148725958
1,4,2,3,0.128923348
1,4,2,4,0.173627272
1,4,2,5,0.110039356
1,5,2,1,0.15470674
1,5,2,2,0.183222307
1,5,2,3,0.207525015
1,5,2,4,0.412978873
1,5,2,5,0.521471595
1,6,2,1,0.111018665
1,6,2,2,0.158960325
1,6,2,3,0.183213967
1,6,2,4,0.20089846
1,6,2,5,0.148800279
1,8,2,1,0.069305489
1,8,2,2,0.083808454
1,8,2,3,0.13757121
1,8,2,4,0.075619723
1,8,2,5,0.112882987
1,9,2,1,0.105381471
1,9,2,2,0.197594415
1,9,2,3,0.190571494
1,9,2,4,0.104173383
1,9,2,5,0.133063626
1,10,2,1,0.141309339
1,10,2,2,0.182610944
1,10,2,3,0.211317346
1,10,2,4,0.068576187
1,10,2,5,0.073650522
1,11,2,1,0.034626832
1,11,2,2,0.170527443
1,11,2,3,0.04019012
1,11,2,4,0.084114666
1,11,2,5,0.363040202
1,12,2,1,0.148748142
1,12,2,2,0.186162576
1,12,2,3,0.162405035
1,12,2,4,0.150218696
1,12,2,5,0.106398222
1,13,2,1,0.171064737
1,13,2,2,0.177800427
1,13,2,3,0.20228879
1,13,2,4,0.050263687
1,13,2,5,0.074588771
1,15,2,1,0.057683588
1,15,2,2,0.155020106
1,15,2,3,0.178029707
1,15,2,4,0.17016678
1,15,2,5,0.149821741
1,16,2,1,0.11740626
1,16,2,2,0.112600809
1,16,2,3,0.105145822
1,16,2,4,0.109361266
1,16,2,5,0.22393869
1,17,2,1,0.121334008
1,17,2,2,0.162485958
1,17,2,3,0.203110992
1,17,2,4,0.102043615
1,17,2,5,0.11424077
1,18,2,1,0.137502501
1,18,2,2,0.148333262
1,18,2,3,0.113274803
1,18,2,4,0.157095287
1,18,2,5,0.265719882
1,19,2,1,0.112076166
1,19,2,2,0.111320737
1,19,2,3,0.121630082
1,19,2,4,0.108221484
1,19,2,5,0.132455872
1,20,2,1,0.118622167
1,20,2,2,0.215358601
1,20,2,3,0.126258563
1,20,2,4,0.138154135
1,20,2,5,0.203758837
1,21,2,1,0.166193194
1,21,2,2,0.190499924
1,21,2,3,0.310396369
1,21,2,4,0.263876812
1,21,2,5,0.187673552
1,22,2,1,0.145509186
1,22,2,2,0.208003563
1,22,2,3,0.059569841
1,22,2,4,0.175607085
1,22,2,5,0.059562855
1,23,2,1,0.120272376
1,23,2,2,0.025458884
1,23,2,3,0.0607302
1,23,2,4,0.119910437
1,23,2,5,0.182426516
1,24,2,1,0.111023952
1,24,2,2,0.155257348
1,24,2,3,0.136790629
1,24,2,4,0.141863682
1,24,2,5,0.080988464
1,25,2,1,0.114625512
1,25,2,2,0.242652301
1,25,2,3,0.202567087
1,25,2,4,0.1215853
1,25,2,5,0.285811715
1,26,2,1,0.122165307
1,26,2,2,0.12289741
1,26,2,3,0.107769994
1,26,2,4,0.141573232
1,26,2,5,0.128559456
1,27,2,1,0.117905593
1,27,2,2,0.130681704
1,27,2,3,0.171707926
1,27,2,4,0.152230947
1,27,2,5,0.16581156
1,28,2,1,0.152451022
1,28,2,2,0.231152723
1,28,2,3,0.012831104
1,28,2,4,0.095698556
1,28,2,5,0.361736005
1,29,2,1,0.129842707
1,29,2,2,0.145055085
1,29,2,3,0.229175321
1,29,2,4,0.091789641
1,29,2,5,0.174571723
1,30,2,1,0.088069876
1,30,2,2,0.212533522
1,30,2,3,0.043065339
1,30,2,4,0.18078166
1,30,2,5,0.131486923
1,31,2,1,0.1183627
1,31,2,2,0.246097858
1,31,2,3,0.150849915
1,31,2,4,0.126347415
1,31,2,5,0.179698506
1,32,2,1,0.1249842
1,32,2,2,0.180868363
1,32,2,3,0.188385846
1,32,2,4,0.160189686
1,32,2,5,0.073022813
1,33,2,1,0.112951706
1,33,2,2,0.276046581
1,33,2,3,0.065192015
1,33,2,4,0.033739361
1,33,2,5,0.073119295
1,34,2,1,0.101899833
1,34,2,2,0.155035589
1,34,2,3,0.183969895
1,34,2,4,0.0984684
1,34,2,5,0.240812281
1,35,2,1,0.111782079
1,35,2,2,0.109631827
1,35,2,3,0.182025843
1,35,2,4,0.140204345
1,35,2,5,0.066450893
1,36,2,1,0.093488977
1,36,2,2,0.171815983
1,36,2,3,0.166128073
1,36,2,4,0.126447249
1,36,2,5,0.285825704
1,37,2,1,0.125311287
1,37,2,2,0.179837949
1,37,2,3,0.164445938
1,37,2,4,0.133649657
1,37,2,5,0.226477159
1,38,2,1,0.08759823
1,38,2,2,0.054008938
1,38,2,3,0.164423226
1,38,2,4,0.220064887
1,38,2,5,0.095978521
1,39,2,1,0.143050881
1,39,2,2,0.131748979
1,39,2,3,0.183700794
1,39,2,4,0.068088547
1,39,2,5,0.157505428
1,40,2,1,0.129235873
1,40,2,2,0.17203643
1,40,2,3,0.136164488
1,40,2,4,0.142481324
1,40,2,5,0.180459649
1,41,2,1,0.130165065
1,41,2,2,0.170954884
1,41,2,3,0.226851974
1,41,2,4,0.169561994
1,41,2,5,0.14062357
1,42,2,1,0.144080968
1,42,2,2,0.177179734
1,42,2,3,0.066416674
1,42,2,4,0.046216218
1,42,2,5,0.129702157
1,44,2,1,0.115002203
1,44,2,2,0.166362401
1,44,2,3,0.11027346
1,44,2,4,0.066399465
1,44,2,5,0.089931705
1,45,2,1,0.128531664
1,45,2,2,0.221200956
1,45,2,3,0.110883257
1,45,2,4,0.112296827
1,45,2,5,0.153193883
1,46,2,1,0.080992816
1,46,2,2,0.275805115
1,46,2,3,0.063364534
1,46,2,4,0.183976511
1,46,2,5,0.170946227
1,47,2,1,0.152966771
1,47,2,2,0.209064837
1,47,2,3,0.168320389
1,47,2,4,0.260380581
1,47,2,5,0.382922098
1,48,2,1,0.1247119
1,48,2,2,0.155394538
1,48,2,3,0.177986307
1,48,2,4,0.063116549
1,48,2,5,0.167499304
1,49,2,1,0.118967549
1,49,2,2,0.260224518
1,49,2,3,0.115876862
1,49,2,4,0.210816856
1,49,2,5,0.113009041
1,50,2,1,0.09896721
1,50,2,2,0.053061834
1,50,2,3,0.139238529
1,50,2,4,0.069756816
1,50,2,5,0.224875094
1,51,2,1,0.13429416
1,51,2,2,0.182592889
1,51,2,3,0.081509859
1,51,2,4,0.074942955
1,51,2,5,0.085397939
1,53,2,1,0.118465379
1,53,2,2,0.147870463
1,53,2,3,0.145392764
1,53,2,4,0.086932702
1,53,2,5,0.102116062
1,54,2,1,0.166793403
1,54,2,2,0.196581761
1,54,2,3,0.067883621
1,54,2,4,0.124019244
1,54,2,5,0.202479401
1,55,2,1,0.089490774
1,55,2,2,0.134430206
1,55,2,3,0.055439654
1,55,2,4,0.045569786
1,55,2,5,0.04266043
1,56,2,1,0.097512477
1,56,2,2,0.10900604
1,56,2,3,0.108970225
1,56,2,4,0.154631781
1,56,2,5,0.279892748
1,66,2,1,0.054296623
1,66,2,2,0
1,66,2,3,0.183408924
1,66,2,4,0.150702406
1,66,2,5,0.102026995
1,72,2,1,0.002392199
1,72,2,2,0.25856864
1,72,2,3,0.172220046
1,72,2,4,0.144531172
1,78,2,1,0.035162898
1,78,2,2,0.191340215
1,78,2,3,0.099805223
1,78,2,4,0.159340498
1,78,2,5,0.076739617
1,1,3,1,0.157098207
1,2,3,1,0.093103666
1,4,3,1,0.111320282
1,5,3,1,0.144745815
1,6,3,1,0.104318882
1,8,3,1,0.067238175
1,9,3,1,0.10325767
1,10,3,1,0.131784422
1,11,3,1,0.030472307
1,12,3,1,0.140615641
1,13,3,1,0.151857492
1,15,3,1,0.063703518
1,16,3,1,0.100948111
1,17,3,1,0.108437863
1,18,3,1,0.12645141
1,19,3,1,0.103855384
1,20,3,1,0.109527833
1,21,3,1,0.154744863
1,22,3,1,0.12957502
1,23,3,1,0.117430908
1,24,3,1,0.111052198
1,25,3,1,0.106463379
1,26,3,1,0.121767395
1,27,3,1,0.106155739
1,28,3,1,0.138304437
1,29,3,1,0.127078101
1,30,3,1,0.083317931
1,31,3,1,0.103204198
1,32,3,1,0.123977254
1,33,3,1,0.109852012
1,34,3,1,0.096675214
1,35,3,1,0.106367033
1,36,3,1,0.096707302
1,37,3,1,0.117015762
1,38,3,1,0.09173801
1,39,3,1,0.129522745
1,40,3,1,0.125279897
1,41,3,1,0.112957038
1,42,3,1,0.132354583
1,44,3,1,0.114862042
1,45,3,1,0.128629896
1,46,3,1,0.085235563
1,47,3,1,0.14537358
1,48,3,1,0.115806711
1,49,3,1,0.10056301
1,50,3,1,0.093791072
1,51,3,1,0.123990705
1,53,3,1,0.109523827
1,54,3,1,0.159718
1,55,3,1,0.101765685
1,56,3,1,0.089964059
1,66,3,1,0.056402228
1,72,3,1,0.224034956
1,78,3,1,0.045913565
1,1,3,2,0.183683695
1,2,3,2,0.134096185
1,4,3,2,0.152768081
1,5,3,2,0.179507892
1,6,3,2,0.121572004
1,8,3,2,0.068332684
1,9,3,2,0.173912498
1,10,3,2,0.147926232
1,11,3,2,0.149387594
1,12,3,2,0.17040904
1,13,3,2,0.150399034
1,15,3,2,0.125996868
1,16,3,2,0.039710277
1,17,3,2,0.161526934
1,18,3,2,0.163723545
1,19,3,2,0.070176717
1,20,3,2,0.186078885
1,21,3,2,0.157544149
1,22,3,2,0.16384627
1,23,3,2,0.042487567
1,24,3,2,0.150538185
1,25,3,2,0.195188041
1,26,3,2,0.133183276
1,27,3,2,0.108954517
1,28,3,2,0.195573462
1,29,3,2,0.139751773
1,30,3,2,0.13686831
1,31,3,2,0.169068328
1,32,3,2,0.171416952
1,33,3,2,0.106668087
1,34,3,2,0.159884305
1,35,3,2,0.104929521
1,36,3,2,0.149755634
1,37,3,2,0.157902811
1,38,3,2,0.097127441
1,39,3,2,0.131158487
1,40,3,2,0.15016339
1,41,3,2,0.110122057
1,42,3,2,0.148708386
1,44,3,2,0.115753193
1,45,3,2,0.189032048
1,46,3,2,0.122313531
1,47,3,2,0.167145028
1,48,3,2,0.156766537
1,49,3,2,0.151751675
1,50,3,2,0.052718895
1,51,3,2,0.165025334
1,53,3,2,0.136473434
1,54,3,2,0.159603359
1,55,3,2,0.138064064
1,56,3,2,0.169147863
1,66,3,2,0
1,72,3,2,0.136595718
1,78,3,2,0.166465763
1,1,3,3,0.140960726
1,2,3,3,0.066187068
1,4,3,3,0.130187597
1,5,3,3,0.127293557
1,6,3,3,0.149508785
1,8,3,3,0.10745922
1,9,3,3,0.144719378
1,10,3,3,0.143384988
1,11,3,3,0.029653965
1,12,3,3,0.131892286
1,13,3,3,0.144737143
1,15,3,3,0.126479055
1,16,3,3,0.10980778
1,17,3,3,0.148652502
1,18,3,3,0.104948071
1,19,3,3,0.0981907
1,20,3,3,0.092084528
1,21,3,3,0.183271592
1,22,3,3,0.084617355
1,23,3,3,0.066515284
1,24,3,3,0.106752053
1,25,3,3,0.143858731
1,26,3,3,0.104728875
1,27,3,3,0.114885398
1,28,3,3,0.072180618
1,29,3,3,0.140286977
1,30,3,3,0.045698783
1,31,3,3,0.100454907
1,32,3,3,0.132406557
1,33,3,3,0.113960008
1,34,3,3,0.139010458
1,35,3,3,0.151554289
1,36,3,3,0.135813919
1,37,3,3,0.114029765
1,38,3,3,0.097809139
1,39,3,3,0.145721653
1,40,3,3,0.111964528
1,41,3,3,0.181550847
1,42,3,3,0.12138556
1,44,3,3,0.091507362
1,45,3,3,0.061206362
1,46,3,3,0.046833181
1,47,3,3,0.126279086
1,48,3,3,0.142145626
1,49,3,3,0.087646921
1,50,3,3,0.062078382
1,51,3,3,0.060246559
1,53,3,3,0.107884953
1,54,3,3,0.118740142
1,55,3,3,0.076859879
1,56,3,3,0.103931581
1,66,3,3,0.127675129
1,72,3,3,0.161441469
1,78,3,3,0.09476121
1,1,3,4,0.164992359
1,2,3,4,0.080496263
1,4,3,4,0.150874712
1,5,3,4,0.230677773
1,6,3,4,0.163369506
1,8,3,4,0.065266799
1,9,3,4,0.090328727
1,10,3,4,0.078706287
1,11,3,4,0.049047655
1,12,3,4,0.131915325
1,13,3,4,0.05650195
1,15,3,4,0.154867962
1,16,3,4,0.106678827
1,17,3,4,0.08207384
1,18,3,4,0.092831823
1,19,3,4,0.083857923
1,20,3,4,0.112952976
1,21,3,4,0.212586379
1,22,3,4,0.162387348
1,23,3,4,0.092946252
1,24,3,4,0.10866488
1,25,3,4,0.093632407
1,26,3,4,0.105690392
1,27,3,4,0.120413224
1,28,3,4,0.102935614
1,29,3,4,0.07599841
1,30,3,4,0.170142273
1,31,3,4,0.121407277
1,32,3,4,0.116760438
1,33,3,4,0.061667962
1,34,3,4,0.082502292
1,35,3,4,0.177110714
1,36,3,4,0.124421101
1,37,3,4,0.09827658
1,38,3,4,0.175560887
1,39,3,4,0.066989786
1,40,3,4,0.141519398
1,41,3,4,0.142970714
1,42,3,4,0.061332018
1,44,3,4,0.078584813
1,45,3,4,0.122402742
1,46,3,4,0.128546256
1,47,3,4,0.210610756
1,48,3,4,0.094288323
1,49,3,4,0.136767032
1,50,3,4,0.139859676
1,51,3,4,0.064702153
1,53,3,4,0.080958964
1,54,3,4,0.147829495
1,55,3,4,0.052199465
1,56,3,4,0.083879003
1,66,3,4,0.124262163
1,72,3,4,0.116593874
1,78,3,4,0.203444528
1,1,3,5,0.094592184
1,2,3,5,0.072211759
1,4,3,5,0.131887583
1,5,3,5,0.196434382
1,6,3,5,0.087929232
1,8,3,5,0.099185729
1,9,3,5,0.114605998
1,10,3,5,0.1097967
1,11,3,5,0.184584249
1,12,3,5,0.092252296
1,13,3,5,0.06266064
1,15,3,5,0.133625078
1,16,3,5,0.180804051
1,17,3,5,0.074338047
1,18,3,5,0.177806784
1,19,3,5,0.106510035
1,20,3,5,0.145648046
1,21,3,5,0.196959633
1,22,3,5,0.100836796
1,23,3,5,0.171342327
1,24,3,5,0.096007951
1,25,3,5,0.264215844
1,26,3,5,0.128536527
1,27,3,5,0.125681449
1,28,3,5,0.184081854
1,29,3,5,0.136857031
1,30,3,5,0.103694708
1,31,3,5,0.189672416
1,32,3,5,0.05100409
1,33,3,5,0.080940003
1,34,3,5,0.145089171
1,35,3,5,0.058487276
1,36,3,5,0.192084521
1,37,3,5,0.195441244
1,38,3,5,0.052358111
1,39,3,5,0.156330337
1,40,3,5,0.152511414
1,41,3,5,0.12876552
1,42,3,5,0.09455819
1,44,3,5,0.078978041
1,45,3,5,0.130326245
1,46,3,5,0.09647146
1,47,3,5,0.271179149
1,48,3,5,0.101020531
1,49,3,5,0.093965248
1,50,3,5,0.140147893
1,51,3,5,0.074261886
1,53,3,5,0.113133065
1,54,3,5,0.160996528
1,55,3,5,0.099247023
1,56,3,5,0.167247681
1,66,3,5,0.084191089
1,72,3,5,1
1,78,3,5,0.051030628
1,1,1,6,0.148246561
1,2,1,6,0.075961947
1,4,1,6,0.121976426
1,5,1,6,0.130723297
1,6,1,6,0.104206251
1,8,1,6,0.068575811
1,9,1,6,0.101265008
1,10,1,6,0.111097566
1,11,1,6,0.061082916
1,12,1,6,0.124848022
1,13,1,6,0.11826322
1,15,1,6,0.109698432
1,16,1,6,0.08835835
1,17,1,6,0.099334187
1,18,1,6,0.116051465
1,19,1,6,0.091185389
1,20,1,6,0.09925519
1,21,1,6,0.138354513
1,22,1,6,0.110951577
1,23,1,6,0.114802134
1,24,1,6,0.114357471
1,25,1,6,0.096940648
1,26,1,6,0.120962624
1,27,1,6,0.09155359
1,28,1,6,0.130710369
1,29,1,6,0.120496684
1,30,1,6,0.082654547
1,31,1,6,0.086931386
1,32,1,6,0.106774442
1,33,1,6,0.104794815
1,34,1,6,0.098571636
1,35,1,6,0.121300583
1,36,1,6,0.109584329
1,37,1,6,0.107041502
1,38,1,6,0.094653594
1,39,1,6,0.115288574
1,40,1,6,0.121421395
1,41,1,6,0.098875334
1,42,1,6,0.119835084
1,44,1,6,0.103126495
1,45,1,6,0.130330197
1,46,1,6,0.083624888
1,47,1,6,0.133466779
1,48,1,6,0.111555433
1,49,1,6,0.078108784
1,50,1,6,0.089358316
1,51,1,6,0.10727199
1,53,1,6,0.096076009
1,54,1,6,0.151461035
1,55,1,6,0.113463063
1,56,1,6,0.084798244
1,66,1,6,0.090650857
1,72,1,6,0.15054574
1,78,1,6,0.119898496
1,1,2,6,0.176117327
1,2,2,6,0.111223977
1,4,2,6,0.121981485
1,5,2,6,0.169890444
1,6,2,6,0.155036532
1,8,2,6,0.084149791
1,9,2,6,0.126980502
1,10,2,6,0.152521209
1,11,2,6,0.102620458
1,12,2,6,0.155619646
1,13,2,6,0.170505507
1,15,2,6,0.140246096
1,16,2,6,0.116026909
1,17,2,6,0.138296238
1,18,2,6,0.140125429
1,19,2,6,0.112928352
1,20,2,6,0.128388358
1,21,2,6,0.173726398
1,22,2,6,0.164022217
1,23,2,6,0.120387195
1,24,2,6,0.128472094
1,25,2,6,0.136412766
1,26,2,6,0.123243409
1,27,2,6,0.123678678
1,28,2,6,0.178770193
1,29,2,6,0.133412032
1,30,2,6,0.093152414
1,31,2,6,0.127931788
1,32,2,6,0.14847954
1,33,2,6,0.110234338
1,34,2,6,0.12842882
1,35,2,6,0.14560716
1,36,2,6,0.123380126
1,37,2,6,0.14039663
1,38,2,6,0.097560095
1,39,2,6,0.141653826
1,40,2,6,0.136132294
1,41,2,6,0.143027257
1,42,2,6,0.141000513
1,44,2,6,0.115060794
1,45,2,6,0.157996947
1,46,2,6,0.092897435
1,47,2,6,0.165389838
1,48,2,6,0.145102842
1,49,2,6,0.122493812
1,50,2,6,0.100236384
1,51,2,6,0.133792997
1,53,2,6,0.118572831
1,54,2,6,0.16650876
1,55,2,6,0.088767051
1,56,2,6,0.103836378
1,66,2,6,0.14280301
1,72,2,6,0.171221354
1,78,2,6,0.161927197
1,1,3,6,0.162797444
1,2,3,6,0.092617024
1,4,3,6,0.121978993
1,5,3,6,0.150855923
1,6,3,6,0.130026974
1,8,3,6,0.076383064
1,9,3,6,0.114589296
1,10,3,6,0.13274007
1,11,3,6,0.083145261
1,12,3,6,0.140749801
1,13,3,6,0.145366825
1,15,3,6,0.124857172
1,16,3,6,0.102276573
1,17,3,6,0.119380573
1,18,3,6,0.128400518
1,19,3,6,0.102219747
1,20,3,6,0.11400589
1,21,3,6,0.156513108
1,22,3,6,0.138399233
1,23,3,6,0.11768131
1,24,3,6,0.121730007
1,25,3,6,0.117529435
1,26,3,6,0.122135424
1,27,3,6,0.107849712
1,28,3,6,0.155780654
1,29,3,6,0.12714602
1,30,3,6,0.087906543
1,31,3,6,0.107688065
1,32,3,6,0.127674191
1,33,3,6,0.107568707
1,34,3,6,0.114035866
1,35,3,6,0.13367665
1,36,3,6,0.116776782
1,37,3,6,0.124380878
1,38,3,6,0.096070438
1,39,3,6,0.128906268
1,40,3,6,0.128929774
1,41,3,6,0.121395615
1,42,3,6,0.130762565
1,44,3,6,0.10935137
1,45,3,6,0.144732724
1,46,3,6,0.088264819
1,47,3,6,0.150023272
1,48,3,6,0.128614343
1,49,3,6,0.100379027
1,50,3,6,0.094928184
1,51,3,6,0.120886111
1,53,3,6,0.107408922
1,54,3,6,0.159142793
1,55,3,6,0.100931895
1,56,3,6,0.094138488
1,66,3,6,0.116224637
1,72,3,6,0.161534395
1,78,3,6,0.142255844
0,1,1,1,0.079773983
0,2,1,1,0.102277776
0,9,1,1,0.082728131
0,10,1,1,0.10978035
0,11,1,1,0.068442242
0,12,1,1,0.10838859
0,15,1,1,0.148081662
0,16,1,1,0.080050139
0,17,1,1,0.090016655
0,19,1,1,0.084244437
0,21,1,1,0.087405312
0,22,1,1,0.068449532
0,28,1,1,0.074394114
0,31,1,1,0.062993431
0,32,1,1,0.106288026
0,35,1,1,0.101989011
0,36,1,1,0.091159992
0,40,1,1,0.074157654
0,41,1,1,0.100692859
0,45,1,1,0.078442429
0,46,1,1,0.069702515
0,51,1,1,0.094739491
0,54,1,1,0.115346922
0,55,1,1,0.092288892
0,66,1,1,0.08159609
0,72,1,1,0.350756661
0,78,1,1,0.094358696
0,1,2,1,0.111860381
0,2,2,1,0.169783617
0,9,2,1,0.092554828
0,10,2,1,0.162358356
0,11,2,1,0.068868315
0,12,2,1,0.131357276
0,15,2,1,0.143421428
0,16,2,1,0.12401405
0,17,2,1,0.100872727
0,19,2,1,0.094440149
0,21,2,1,0.145329843
0,22,2,1,0.120802899
0,28,2,1,0.114155194
0,31,2,1,0.09323394
0,32,2,1,0.120919226
0,35,2,1,0.129180212
0,36,2,1,0.104205246
0,40,2,1,0.111059209
0,41,2,1,0.133682953
0,45,2,1,0.110545662
0,46,2,1,0.094470645
0,51,2,1,0.123035138
0,54,2,1,0.12824123
0,55,2,1,0.125775759
0,66,2,1,0.129767189
0,72,2,1,0.175880238
0,78,2,1,0.079641455
0,1,1,2,0.093047875
0,2,1,2,0.27829771
0,9,1,2,0.101848768
0,10,1,2,0.177100875
0,11,1,2,0.140864183
0,12,1,2,0.128909315
0,15,1,2,0.315232794
0,16,1,2,0
0,17,1,2,0.104023199
0,19,1,2,0.058033026
0,21,1,2,0.065113855
0,22,1,2,0.096288438
0,28,1,2,0.076794626
0,31,1,2,0.056620722
0,32,1,2,0.073145315
0,35,1,2,0.073008801
0,36,1,2,0.103462806
0,40,1,2,0.088320849
0,41,1,2,0.038670609
0,45,1,2,0.138806863
0,46,1,2,0.019864008
0,51,1,2,0.134921017
0,54,1,2,0.123103347
0,55,1,2,0.168872578
0,66,1,2,0.181757519
0,72,1,2,0.024651835
0,78,1,2,0.105960925
0,1,2,2,0.1139798
0,2,2,2,0.062032071
0,9,2,2,0.164626057
0,10,2,2,0.206002455
0,11,2,2,0.222489518
0,12,2,2,0.200548441
0,15,2,2,0.175593952
0,16,2,2,0.139087517
0,17,2,2,0.129415144
0,19,2,2,0.097681119
0,21,2,2,0.152421155
0,22,2,2,0.095053588
0,28,2,2,0.124008156
0,31,2,2,0.180478937
0,32,2,2,0.204044365
0,35,2,2,0.076179393
0,36,2,2,0.169483798
0,40,2,2,0.134941825
0,41,2,2,0.443735772
0,45,2,2,0.142967925
0,46,2,2,0.154973414
0,51,2,2,0.209277328
0,54,2,2,0.199773818
0,55,2,2,0.126667729
0,66,2,2,0
0,72,2,2,0
0,78,2,2,0.200788339
0,1,1,3,0.063081931
0,2,1,3,0.018670012
0,9,1,3,0.104636255
0,10,1,3,0.113162851
0,11,1,3,0.160192796
0,12,1,3,0.072476131
0,15,1,3,0.113582242
0,16,1,3,0.057986762
0,17,1,3,0.115483717
0,19,1,3,0.075798557
0,21,1,3,0.008398878
0,22,1,3,0.033119438
0,28,1,3,0.042960263
0,31,1,3,0.028519074
0,32,1,3,0.087475289
0,35,1,3,0.064355669
0,36,1,3,0.068224668
0,40,1,3,0.076882563
0,41,1,3,0.107901711
0,45,1,3,0.049610912
0,46,1,3,0.036133816
0,51,1,3,0.068142236
0,54,1,3,0.014646352
0,55,1,3,0.041573618
0,66,1,3,0.19822657
0,72,1,3,0.10347506
0,78,1,3,0.02813474
0,1,2,3,0.044493529
0,2,2,3,0.145663781
0,9,2,3,0.144558658
0,10,2,3,0.096796339
0,11,2,3,0.045980159
0,12,2,3,0.108392399
0,15,2,3,0.184781493
0,16,2,3,0.089705624
0,17,2,3,0.100850819
0,19,2,3,0.0845345
0,21,2,3,0.231699456
0,22,2,3,0.243710027
0,28,2,3,0.118671814
0,31,2,3,0.099675559
0,32,2,3,0.150176606
0,35,2,3,0.173269684
0,36,2,3,0.115666145
0,40,2,3,0.08599526
0,41,2,3,0.080384648
0,45,2,3,0.083784855
0,46,2,3,0.168239504
0,51,2,3,0.171190172
0,54,2,3,0.08801355
0,55,2,3,0.109426768
0,66,2,3,0.345403021
0,72,2,3,0.146335008
0,78,2,3,0.179988019
0,1,1,4,0.073529728
0,2,1,4,0.114329681
0,9,1,4,0.089050743
0,10,1,4,0.099962016
0,11,1,4,0.058397527
0,12,1,4,0.161144796
0,15,1,4,0.216982951
0,16,1,4,0.023165156
0,17,1,4,0.050019021
0,19,1,4,0.051322831
0,21,1,4,0.086329758
0,22,1,4,0.015177343
0,28,1,4,0.051181329
0,31,1,4,0.032933278
0,32,1,4,0.107188587
0,35,1,4,0.095757036
0,36,1,4,0.131264395
0,40,1,4,0.168356521
0,41,1,4,0.19789838
0,45,1,4,0.089251559
0,46,1,4,0.143909105
0,51,1,4,0.182062776
0,54,1,4,0.199881811
0,55,1,4,0.058110025
0,66,1,4,0.227610163
0,72,1,4,0
0,78,1,4,0.174863677
0,1,2,4,0.086069395
0,2,2,4,0.182690458
0,9,2,4,0.096342448
0,10,2,4,0.088714887
0,11,2,4,0.11084812
0,12,2,4,0.133779426
0,15,2,4,0.197363396
0,16,2,4,0.175530457
0,17,2,4,0.062471411
0,19,2,4,0.006480001
0,21,2,4,0.122728477
0,22,2,4,0.04145225
0,28,2,4,0.071116053
0,31,2,4,0.083684406
0,32,2,4,0.222862344
0,35,2,4,0.186793312
0,36,2,4,0.142146619
0,40,2,4,0.131930563
0,41,2,4,0.134468103
0,45,2,4,0.112648379
0,46,2,4,0.199859511
0,51,2,4,0.127797375
0,54,2,4,0.042801292
0,55,2,4,0.07116478
0,66,2,4,0.189918305
0,72,2,4,0
0,78,2,4,0.063496669
0,1,1,5,0.172213692
0,2,1,5,0.199952328
0,9,1,5,0.048723056
0,10,1,5,0.071591567
0,11,1,5,0.146312482
0,12,1,5,0.172298187
0,15,1,5,0.152464632
0,16,1,5,0.053286787
0,17,1,5,0.110715922
0,19,1,5,0
0,21,1,5,0.142112444
0,22,1,5,0.03904471
0,28,1,5,0.171597851
0,31,1,5,0.07698268
0,32,1,5,0.073379517
0,35,1,5,0.219715703
0,36,1,5,0.261922701
0,40,1,5,0.055120863
0,41,1,5,0.138570134
0,45,1,5,0.088145265
0,46,1,5,0.035690352
0,51,1,5,0.070102592
0,54,1,5,0.302335982
0,55,1,5,0.156615842
0,66,1,5,0.110364587
0,78,1,5,0.092372286
0,1,2,5,0.061242765
0,2,2,5,0.243630456
0,9,2,5,0.117957425
0,10,2,5,0.149994883
0,11,2,5,0.265992096
0,12,2,5,0.300896783
0,15,2,5,0.204998131
0,16,2,5,0.25832388
0,17,2,5,0.259317665
0,19,2,5,0.16961071
0,21,2,5,0.265791693
0,22,2,5,0.148223592
0,28,2,5,0.24958194
0,31,2,5,0.043561494
0,32,2,5,0.174574572
0,35,2,5,0.182562837
0,36,2,5,0.257471689
0,40,2,5,0.210444888
0,41,2,5,0.141489578
0,45,2,5,0.182709439
0,46,2,5,0.085438021
0,51,2,5,0.101800001
0,54,2,5,0.084463749
0,55,2,5,0.267437249
0,66,2,5,0.128904223
0,78,2,5,0.637407118
0,1,3,1,0.096624307
0,2,3,1,0.133762359
0,9,3,1,0.08792541
0,10,3,1,0.138056459
0,11,3,1,0.06866371
0,12,3,1,0.120553042
0,15,3,1,0.145954619
0,16,3,1,0.102386561
0,17,3,1,0.095676607
0,19,3,1,0.08944536
0,21,3,1,0.117882511
0,22,3,1,0.095223777
0,28,3,1,0.095177584
0,31,3,1,0.078430641
0,32,3,1,0.113735332
0,35,3,1,0.116244855
0,36,3,1,0.098022427
0,40,3,1,0.093619689
0,41,3,1,0.117884076
0,45,3,1,0.095448229
0,46,3,1,0.082281022
0,51,3,1,0.109415388
0,54,3,1,0.122023787
0,55,3,1,0.109695068
0,66,3,1,0.09968365
0,72,3,1,0.231032601
0,78,3,1,0.088282675
0,1,3,2,0.104548396
0,2,3,2,0.158937507
0,9,3,2,0.138780858
0,10,3,2,0.192368656
0,11,3,2,0.185662062
0,12,3,2,0.166692127
0,15,3,2,0.266513606
0,16,3,2,0.052104119
0,17,3,2,0.117977071
0,19,3,2,0.076005088
0,21,3,2,0.107943971
0,22,3,2,0.095615281
0,28,3,2,0.102686526
0,31,3,2,0.119650713
0,32,3,2,0.144356679
0,35,3,2,0.074493346
0,36,3,2,0.139193469
0,40,3,2,0.112767903
0,41,3,2,0.15656293
0,45,3,2,0.141075012
0,46,3,2,0.076243105
0,51,3,2,0.174711765
0,54,3,2,0.160737006
0,55,3,2,0.141562668
0,66,3,2,0.109909336
0,72,3,2,0.013468606
0,78,3,2,0.159086636
0,1,3,3,0.054263439
0,2,3,3,0.079527456
0,9,3,3,0.124590379
0,10,3,3,0.104283737
0,11,3,3,0.099003263
0,12,3,3,0.090792741
0,15,3,3,0.147281633
0,16,3,3,0.075229257
0,17,3,3,0.107906838
0,19,3,3,0.080421051
0,21,3,3,0.125889914
0,22,3,3,0.128239836
0,28,3,3,0.069132711
0,31,3,3,0.062248563
0,32,3,3,0.118537708
0,35,3,3,0.119520474
0,36,3,3,0.092418491
0,40,3,3,0.081536109
0,41,3,3,0.093530452
0,45,3,3,0.064245263
0,46,3,3,0.113726855
0,51,3,3,0.119852349
0,54,3,3,0.051045589
0,55,3,3,0.068056209
0,66,3,3,0.252999829
0,72,3,3,0.12619405
0,78,3,3,0.106160197
0,1,3,4,0.079444758
0,2,3,4,0.149413831
0,9,3,4,0.092462527
0,10,3,4,0.096077034
0,11,3,4,0.082392392
0,12,3,4,0.147226501
0,15,3,4,0.206411368
0,16,3,4,0.117109841
0,17,3,4,0.055054201
0,19,3,4,0.03371053
0,21,3,4,0.10290294
0,22,3,4,0.027072554
0,28,3,4,0.06105731
0,31,3,4,0.056313507
0,32,3,4,0.165239559
0,35,3,4,0.147709967
0,36,3,4,0.137056236
0,40,3,4,0.150116536
0,41,3,4,0.166111981
0,45,3,4,0.100104195
0,46,3,4,0.17083764
0,51,3,4,0.152637031
0,54,3,4,0.123425461
0,55,3,4,0.065126631
0,66,3,4,0.208297303
0,72,3,4,0
0,78,3,4,0.122443963
0,1,3,5,0.129706027
0,2,3,5,0.225603995
0,9,3,5,0.082448522
0,10,3,5,0.120261943
0,11,3,5,0.202430787
0,12,3,5,0.235253552
0,15,3,5,0.178516072
0,16,3,5,0.1183777
0,17,3,5,0.189543049
0,19,3,5,0.111184637
0,21,3,5,0.192922552
0,22,3,5,0.082412748
0,28,3,5,0.1952542
0,31,3,5,0.059628448
0,32,3,5,0.136064729
0,35,3,5,0.207715735
0,36,3,5,0.259827899
0,40,3,5,0.129280393
0,41,3,5,0.13999656
0,45,3,5,0.132274711
0,46,3,5,0.056312579
0,51,3,5,0.089692402
0,54,3,5,0.207512163
0,55,3,5,0.222348502
0,66,3,5,0.119356561
0,78,3,5,0.444992778
0,1,1,6,0.08333986
0,2,1,6,0.110559547
0,9,1,6,0.087489325
0,10,1,6,0.122479877
0,11,1,6,0.108591987
0,12,1,6,0.104659693
0,15,1,6,0.176063608
0,16,1,6,0.075290062
0,17,1,6,0.093406358
0,19,1,6,0.081239475
0,21,1,6,0.083929147
0,22,1,6,0.073357087
0,28,1,6,0.074685035
0,31,1,6,0.058779512
0,32,1,6,0.098399899
0,35,1,6,0.08504927
0,36,1,6,0.094794726
0,40,1,6,0.084078871
0,41,1,6,0.106759844
0,45,1,6,0.091652464
0,46,1,6,0.073633531
0,51,1,6,0.104678238
0,54,1,6,0.117561498
0,55,1,6,0.090840133
0,66,1,6,0.195860789
0,72,1,6,0.103742245
0,78,1,6,0.092278932
0,1,2,6,0.109488679
0,2,2,6,0.170292675
0,9,2,6,0.107020766
0,10,2,6,0.163424704
0,11,2,6,0.138763261
0,12,2,6,0.13747523
0,15,2,6,0.184728324
0,16,2,6,0.123038589
0,17,2,6,0.105590991
0,19,2,6,0.093752282
0,21,2,6,0.148958489
0,22,2,6,0.115362546
0,28,2,6,0.117676199
0,31,2,6,0.096301921
0,32,2,6,0.147863724
0,35,2,6,0.154864393
0,36,2,6,0.120890683
0,40,2,6,0.116573541
0,41,2,6,0.131186355
0,45,2,6,0.118578162
0,46,2,6,0.105851619
0,51,2,6,0.143292888
0,54,2,6,0.128610215
0,55,2,6,0.124257691
0,66,2,6,0.185044655
0,72,2,6,0.145770432
0,78,2,6,0.193394549
0,1,3,6,0.097119322
0,2,3,6,0.139645725
0,9,3,6,0.097771097
0,10,3,6,0.144197407
0,11,3,6,0.12456559
0,12,3,6,0.1218346
0,15,3,6,0.180386944
0,16,3,6,0.099679541
0,17,3,6,0.099724507
0,19,3,6,0.087603108
0,21,3,6,0.117811376
0,22,3,6,0.095071101
0,28,3,6,0.097271569
0,31,3,6,0.07776354
0,32,3,6,0.123579696
0,35,3,6,0.121138232
0,36,3,6,0.108498785
0,40,3,6,0.10100797
0,41,3,6,0.119356105
0,45,3,6,0.105832389
0,46,3,6,0.089884112
0,51,3,6,0.124880297
0,54,3,6,0.123256716
0,55,3,6,0.108227201
0,66,3,6,0.190574842
0,72,3,6,0.126056388
0,78,3,6,0.146400291
