"","fips","sex","x.race.g1","hlthpln1","fips","sex","x.race.g1","persdoc2","fips","sex","x.race.g1","x.rfhlth"
"1.1.1",1,1,1,0.887677289615604,1,1,1,0.762070049661037,1,1,1,0.789728594967134
"2.1.1",1,2,1,0.918144409614286,1,2,1,0.855121273571265,1,2,1,0.76549267832571
"1.2.1",2,1,1,0.893112237566608,2,1,1,0.628309720060411,2,1,1,0.86670529248302
"2.2.1",2,2,1,0.931809677709813,2,2,1,0.7931686616215,2,2,1,0.867448201833504
"1.4.1",4,1,1,0.922061435559966,4,1,1,0.742847857601875,4,1,1,0.850496639306602
"2.4.1",4,2,1,0.951976642056529,4,2,1,0.830518278813775,4,2,1,0.841250644751223
"1.5.1",5,1,1,0.886703136820475,5,1,1,0.790189182656242,5,1,1,0.763144524561584
"2.5.1",5,2,1,0.939811079559245,5,2,1,0.87457571015519,5,2,1,0.736493013182926
"1.6.1",6,1,1,0.945568813575967,6,1,1,0.798078600856521,6,1,1,0.894969485546812
"2.6.1",6,2,1,0.971368433573365,6,2,1,0.876299239585469,6,2,1,0.869247343352666
"1.8.1",8,1,1,0.932345190168103,8,1,1,0.731168170494638,8,1,1,0.894771077523981
"2.8.1",8,2,1,0.957220172065643,8,2,1,0.83880018544716,8,2,1,0.876185744663412
"1.9.1",9,1,1,0.964670243855459,9,1,1,0.865209197798476,9,1,1,0.886462355891646
"2.9.1",9,2,1,0.975709772192806,9,2,1,0.929256498399845,9,2,1,0.880586204214656
"1.10.1",10,1,1,0.941723015970778,10,1,1,0.811038134509511,10,1,1,0.858174473956761
"2.10.1",10,2,1,0.947955281490901,10,2,1,0.911496506683502,10,2,1,0.839771882575726
"1.11.1",11,1,1,0.981824362521807,11,1,1,0.742974165898193,11,1,1,0.972294011932757
"2.11.1",11,2,1,0.974060970164572,11,2,1,0.761117946031258,11,2,1,0.963268487513298
"1.12.1",12,1,1,0.885391150387759,12,1,1,0.744478582802202,12,1,1,0.824374567004069
"2.12.1",12,2,1,0.907496943876503,12,2,1,0.830021445267455,12,2,1,0.82121336027961
"1.13.1",13,1,1,0.877291106823425,13,1,1,0.739826656842481,13,1,1,0.835936748432966
"2.13.1",13,2,1,0.888962184119424,13,2,1,0.834365248053585,13,2,1,0.814818530942855
"1.15.1",15,1,1,0.938807997649054,15,1,1,0.790501589106216,15,1,1,0.888264975595957
"2.15.1",15,2,1,0.948343443344007,15,2,1,0.877213065822233,15,2,1,0.911553142241804
"1.16.1",16,1,1,0.877424644587262,16,1,1,0.679771001068785,16,1,1,0.858865159450289
"2.16.1",16,2,1,0.877954986455317,16,2,1,0.806902367268152,16,2,1,0.851460869841196
"1.17.1",17,1,1,0.939680722618138,17,1,1,0.796619792920576,17,1,1,0.856336794555773
"2.17.1",17,2,1,0.975847443772831,17,2,1,0.913065380040826,17,2,1,0.848244743316569
"1.18.1",18,1,1,0.889516317027717,18,1,1,0.784519648736827,18,1,1,0.830277402881502
"2.18.1",18,2,1,0.936761358522278,18,2,1,0.890037097931396,18,2,1,0.815873965934706
"1.19.1",19,1,1,0.938268861376245,19,1,1,0.79649797906596,19,1,1,0.883194931521818
"2.19.1",19,2,1,0.963689766294234,19,2,1,0.907081992353826,19,2,1,0.865437563057042
"1.20.1",20,1,1,0.903998830090946,20,1,1,0.768979675184744,20,1,1,0.864330536891144
"2.20.1",20,2,1,0.921527055426101,20,2,1,0.877736415673496,20,2,1,0.857197788695415
"1.21.1",21,1,1,0.934089843181113,21,1,1,0.756434700086375,21,1,1,0.784252657590986
"2.21.1",21,2,1,0.963170907080948,21,2,1,0.861462861597112,21,2,1,0.766673505003084
"1.22.1",22,1,1,0.881736377337369,22,1,1,0.712511273709,22,1,1,0.809670129153419
"2.22.1",22,2,1,0.909194220162365,22,2,1,0.852195815820264,22,2,1,0.781689134042256
"1.23.1",23,1,1,0.901735939795671,23,1,1,0.840549723992749,23,1,1,0.836523354008897
"2.23.1",23,2,1,0.930302109890798,23,2,1,0.924291221214533,23,2,1,0.84136121299658
"1.24.1",24,1,1,0.95238318189006,24,1,1,0.850033615318384,24,1,1,0.867279676130287
"2.24.1",24,2,1,0.972988145502808,24,2,1,0.913302285681572,24,2,1,0.872640347225055
"1.25.1",25,1,1,0.954953814347365,25,1,1,0.875331248140562,25,1,1,0.875032958037931
"2.25.1",25,2,1,0.967774316773191,25,2,1,0.957620815165639,25,2,1,0.884112136068935
"1.26.1",26,1,1,0.920001292845557,26,1,1,0.822580986729511,26,1,1,0.831898704229974
"2.26.1",26,2,1,0.947110605457048,26,2,1,0.909206498236096,26,2,1,0.826476856663752
"1.27.1",27,1,1,0.951409679818426,27,1,1,0.684318646817173,27,1,1,0.878060905208765
"2.27.1",27,2,1,0.966231442415082,27,2,1,0.828398728270321,27,2,1,0.887474904807993
"1.28.1",28,1,1,0.851940199527481,28,1,1,0.734126978974972,28,1,1,0.794601410511535
"2.28.1",28,2,1,0.887058016997356,28,2,1,0.856071537601077,28,2,1,0.759737857849898
"1.29.1",29,1,1,0.89239912954971,29,1,1,0.745594101531721,29,1,1,0.821459641322491
"2.29.1",29,2,1,0.907175432847995,29,2,1,0.85584641848054,29,2,1,0.81798942466745
"1.30.1",30,1,1,0.903301229434146,30,1,1,0.681409801107118,30,1,1,0.861674818234697
"2.30.1",30,2,1,0.91304376543536,30,2,1,0.809464564830841,30,2,1,0.84671650364184
"1.31.1",31,1,1,0.915216088937719,31,1,1,0.797460281243236,31,1,1,0.871620321888052
"2.31.1",31,2,1,0.921011262376139,31,2,1,0.891879870302854,31,2,1,0.864573640966622
"1.32.1",32,1,1,0.914618897761147,32,1,1,0.725430778711781,32,1,1,0.814353700692816
"2.32.1",32,2,1,0.926027128267691,32,2,1,0.811850714419005,32,2,1,0.812586758286444
"1.33.1",33,1,1,0.936519662402307,33,1,1,0.851414802054765,33,1,1,0.851100802679335
"2.33.1",33,2,1,0.937821509517947,33,2,1,0.920711148619347,33,2,1,0.869318532882649
"1.34.1",34,1,1,0.94470572601709,34,1,1,0.849447794022701,34,1,1,0.871741833047214
"2.34.1",34,2,1,0.96012101275744,34,2,1,0.901674432125706,34,2,1,0.85806623079247
"1.35.1",35,1,1,0.929736552121717,35,1,1,0.706937895081673,35,1,1,0.864960173219522
"2.35.1",35,2,1,0.969208048907475,35,2,1,0.8461482631304,35,2,1,0.812454433245614
"1.36.1",36,1,1,0.929529115930487,36,1,1,0.835088342647736,36,1,1,0.860643933297741
"2.36.1",36,2,1,0.964309449747163,36,2,1,0.903171290305623,36,2,1,0.865169029512732
"1.37.1",37,1,1,0.904286362950442,37,1,1,0.772078351611528,37,1,1,0.833710766580595
"2.37.1",37,2,1,0.932837014330459,37,2,1,0.87632325824881,37,2,1,0.836481747061196
"1.38.1",38,1,1,0.910908220795401,38,1,1,0.678302635031317,38,1,1,0.864046436881868
"2.38.1",38,2,1,0.956850999279272,38,2,1,0.846772358808561,38,2,1,0.859549105982392
"1.39.1",39,1,1,0.919027700864235,39,1,1,0.791230803754414,39,1,1,0.827229868330718
"2.39.1",39,2,1,0.95495231620435,39,2,1,0.891850884693264,39,2,1,0.825436585122848
"1.40.1",40,1,1,0.870668171811229,40,1,1,0.749641828940925,40,1,1,0.805575515478847
"2.40.1",40,2,1,0.907193675575877,40,2,1,0.852189548026351,40,2,1,0.799859890457912
"1.41.1",41,1,1,0.919923189471459,41,1,1,0.749108609715624,41,1,1,0.83959863813497
"2.41.1",41,2,1,0.941010600187536,41,2,1,0.860422713870553,41,2,1,0.852712748953784
"1.42.1",42,1,1,0.931920408403035,42,1,1,0.83754473813702,42,1,1,0.840051691007608
"2.42.1",42,2,1,0.960295869044119,42,2,1,0.914074880728997,42,2,1,0.850525384418973
"1.44.1",44,1,1,0.935736435858449,44,1,1,0.878014538260947,44,1,1,0.867177275784909
"2.44.1",44,2,1,0.970866302309297,44,2,1,0.942264887034851,44,2,1,0.875261119635293
"1.45.1",45,1,1,0.906125621253861,45,1,1,0.755673868816065,45,1,1,0.83195160868806
"2.45.1",45,2,1,0.916619021355111,45,2,1,0.858871383447949,45,2,1,0.815448827468786
"1.46.1",46,1,1,0.92063947917518,46,1,1,0.747017078342224,46,1,1,0.878164029146471
"2.46.1",46,2,1,0.939564297710778,46,2,1,0.852372417417982,46,2,1,0.879001601273275
"1.47.1",47,1,1,0.898201173157481,47,1,1,0.734903143973776,47,1,1,0.817048619276215
"2.47.1",47,2,1,0.927384949171756,47,2,1,0.849638300790365,47,2,1,0.782177461736236
"1.48.1",48,1,1,0.891358852556197,48,1,1,0.724046556294114,48,1,1,0.858602312121046
"2.48.1",48,2,1,0.900505646964144,48,2,1,0.846730128997369,48,2,1,0.835001333204652
"1.49.1",49,1,1,0.920639025151482,49,1,1,0.709228340952075,49,1,1,0.896904769772943
"2.49.1",49,2,1,0.933423628342307,49,2,1,0.819513825838046,49,2,1,0.896748473618557
"1.50.1",50,1,1,0.931566387015561,50,1,1,0.847124246988878,50,1,1,0.860732263065115
"2.50.1",50,2,1,0.967570538293831,50,2,1,0.922127285899332,50,2,1,0.870275952161137
"1.51.1",51,1,1,0.912774705313815,51,1,1,0.771620786359013,51,1,1,0.862335147746834
"2.51.1",51,2,1,0.937377456642084,51,2,1,0.856778775627881,51,2,1,0.837372064965658
"1.53.1",53,1,1,0.931257834986938,53,1,1,0.734920291522876,53,1,1,0.865768832159845
"2.53.1",53,2,1,0.961122882751273,53,2,1,0.853287178388601,53,2,1,0.872310035748015
"1.54.1",54,1,1,0.91538524037876,54,1,1,0.745954613921809,54,1,1,0.737163317183491
"2.54.1",54,2,1,0.940090252426312,54,2,1,0.870145839724438,54,2,1,0.740635564212687
"1.55.1",55,1,1,0.92032754557426,55,1,1,0.775247961853979,55,1,1,0.849328229069771
"2.55.1",55,2,1,0.9483116171778,55,2,1,0.916985460375697,55,2,1,0.852321931267228
"1.56.1",56,1,1,0.891411584724815,56,1,1,0.656740409379437,56,1,1,0.858194048626257
"2.56.1",56,2,1,0.891332651136746,56,2,1,0.760195534309072,56,2,1,0.856064851916792
"1.66.1",66,1,1,0.930151893312865,66,1,1,0.786540370520113,66,1,1,0.967256073718404
"2.66.1",66,2,1,0.880349704541878,66,2,1,0.807425324610106,66,2,1,0.974102932542832
"1.72.1",72,1,1,1,72,1,1,0.644896478921391,72,1,1,0.572226163588949
"2.72.1",72,2,1,0.996354061096784,72,2,1,0.629197243794341,72,2,1,0.86112050157976
"1.78.1",78,1,1,0.757804352568121,78,1,1,0.652672731397047,78,1,1,0.957060498402357
"2.78.1",78,2,1,0.826268478158361,78,2,1,0.760526498057237,78,2,1,0.884083566667093
"1.1.2",1,1,2,0.778637721926845,1,1,2,0.693382258317876,1,1,2,0.757408528649509
"2.1.2",1,2,2,0.833313019668481,1,2,2,0.81329216217237,1,2,2,0.752055247997659
"1.2.2",2,1,2,0.924248074268032,2,1,2,0.863613056638321,2,1,2,0.952997109903903
"2.2.2",2,2,2,1,2,2,2,0.7611410761278,2,2,2,0.920582193169597
"1.4.2",4,1,2,0.838727390714576,4,1,2,0.625166914259348,4,1,2,0.847346143431657
"2.4.2",4,2,2,0.867779106421495,4,2,2,0.759031481610068,4,2,2,0.754682645841531
"1.5.2",5,1,2,0.86091948287035,5,1,2,0.827924477005453,5,1,2,0.727901746314449
"2.5.2",5,2,2,0.931528743764829,5,2,2,0.783471438379687,5,2,2,0.767361533886761
"1.6.2",6,1,2,0.887963542984988,6,1,2,0.725706543070868,6,1,2,0.842364239108487
"2.6.2",6,2,2,0.970042300591231,6,2,2,0.85689516144686,6,2,2,0.830339103260767
"1.8.2",8,1,2,0.815577139960625,8,1,2,0.643190342765855,8,1,2,0.838185093639162
"2.8.2",8,2,2,0.967796299529016,8,2,2,0.806405172985329,8,2,2,0.797895840923627
"1.9.2",9,1,2,0.883319480948404,9,1,2,0.80999417827994,9,1,2,0.806121224365162
"2.9.2",9,2,2,0.907130723586788,9,2,2,0.905183875159765,9,2,2,0.802411456110523
"1.10.2",10,1,2,0.872855730534607,10,1,2,0.740881945802213,10,1,2,0.849704551742066
"2.10.2",10,2,2,0.936917453425679,10,2,2,0.895747242377167,10,2,2,0.839535160059996
"1.11.2",11,1,2,0.926624432070458,11,1,2,0.719700449801548,11,1,2,0.82553957598082
"2.11.2",11,2,2,0.960640095274427,11,2,2,0.863184735112826,11,2,2,0.792491827580342
"1.12.2",12,1,2,0.776249614106391,12,1,2,0.62619995958548,12,1,2,0.818505604282188
"2.12.2",12,2,2,0.837688334657024,12,2,2,0.77710972287466,12,2,2,0.806024352103804
"1.13.2",13,1,2,0.730717629935258,13,1,2,0.630309203373392,13,1,2,0.806385439058391
"2.13.2",13,2,2,0.862734961979947,13,2,2,0.778229499867591,13,2,2,0.797732896586925
"1.15.2",15,1,2,0.969028014381973,15,1,2,0.794320977909575,15,1,2,0.853129803300625
"2.15.2",15,2,2,0.845112516255588,15,2,2,0.888542511420184,15,2,2,0.86880901152148
"1.16.2",16,1,2,0.797247554056986,16,1,2,0.505872072196286,16,1,2,0.970331583689558
"2.16.2",16,2,2,1,16,2,2,1,16,2,2,0.347622291835573
"1.17.2",17,1,2,0.876191002482773,17,1,2,0.7745390286788,17,1,2,0.740591384054949
"2.17.2",17,2,2,0.928329744530655,17,2,2,0.894003682494356,17,2,2,0.76018375285113
"1.18.2",18,1,2,0.833605114763135,18,1,2,0.670320626205731,18,1,2,0.804275516827381
"2.18.2",18,2,2,0.869495994137312,18,2,2,0.840049701607214,18,2,2,0.73108342083049
"1.19.2",19,1,2,0.762358535201268,19,1,2,0.66915630007462,19,1,2,0.811028633995731
"2.19.2",19,2,2,0.958218486046987,19,2,2,0.776092458475423,19,2,2,0.873745661415319
"1.20.2",20,1,2,0.782131698352321,20,1,2,0.570675866196292,20,1,2,0.790824391364568
"2.20.2",20,2,2,0.7907054673525,20,2,2,0.723127517229033,20,2,2,0.778830772430654
"1.21.2",21,1,2,0.869431247767999,21,1,2,0.614248796913469,21,1,2,0.816475868482796
"2.21.2",21,2,2,0.953413601782117,21,2,2,0.852944267530909,21,2,2,0.710616697034835
"1.22.2",22,1,2,0.795259543265475,22,1,2,0.691813002374729,22,1,2,0.743902892073432
"2.22.2",22,2,2,0.868984525577948,22,2,2,0.765276831902057,22,2,2,0.745034451428323
"1.23.2",23,1,2,0.848335934508464,23,1,2,0.878919280499903,23,1,2,0.930004392868544
"2.23.2",23,2,2,0.787828652725086,23,2,2,0.988885288290018,23,2,2,0.864668504350629
"1.24.2",24,1,2,0.896404986116901,24,1,2,0.80394562960247,24,1,2,0.847670950316007
"2.24.2",24,2,2,0.937531653529861,24,2,2,0.898594499429876,24,2,2,0.84389630560214
"1.25.2",25,1,2,0.852095100864215,25,1,2,0.823330717031865,25,1,2,0.888989813654317
"2.25.2",25,2,2,0.924088393885511,25,2,2,0.922040914759276,25,2,2,0.800080460748535
"1.26.2",26,1,2,0.857979716075256,26,1,2,0.763545167171801,26,1,2,0.794333417122086
"2.26.2",26,2,2,0.883696587585472,26,2,2,0.842478704210387,26,2,2,0.724403684705144
"1.27.2",27,1,2,0.835728854907863,27,1,2,0.555543497637494,27,1,2,0.868019634250086
"2.27.2",27,2,2,0.880469088617872,27,2,2,0.72006495002009,27,2,2,0.850454115557698
"1.28.2",28,1,2,0.740369749921993,28,1,2,0.67055098682652,28,1,2,0.770696833949334
"2.28.2",28,2,2,0.823055910503235,28,2,2,0.825521964033027,28,2,2,0.719374223363054
"1.29.2",29,1,2,0.860989304026538,29,1,2,0.592172109487235,29,1,2,0.784436526207128
"2.29.2",29,2,2,0.908559913090041,29,2,2,0.811213179540461,29,2,2,0.736277053515786
"1.30.2",30,1,2,1,30,1,2,0.859771958370385,30,1,2,0.878260265254351
"2.30.2",30,2,2,1,30,2,2,0.212533521533956,30,2,2,0.801092709928904
"1.31.2",31,1,2,0.699128344392039,31,1,2,0.757203109191331,31,1,2,0.935951493689373
"2.31.2",31,2,2,0.836238062814489,31,2,2,0.752022555840053,31,2,2,0.746195517313692
"1.32.2",32,1,2,0.987967646260242,32,1,2,0.703721395805931,32,1,2,0.785194776774742
"2.32.2",32,2,2,0.865988935063194,32,2,2,0.737483659950788,32,2,2,0.833359544451414
"1.33.2",33,1,2,0.820671629151926,33,1,2,0.737260959286402,33,1,2,1
"2.33.2",33,2,2,0.733224396025904,33,2,2,0.73509640456968,33,2,2,0.698798791847246
"1.34.2",34,1,2,0.842290884206285,34,1,2,0.780391125294897,34,1,2,0.813644363203674
"2.34.2",34,2,2,0.919351541014398,34,2,2,0.876858242392674,34,2,2,0.786482638615497
"1.35.2",35,1,2,0.798385372390885,35,1,2,0.725052538352356,35,1,2,0.85112830303403
"2.35.2",35,2,2,0.947372309318259,35,2,2,0.578943175354469,35,2,2,0.773223361355327
"1.36.2",36,1,2,0.884452708533488,36,1,2,0.830467458927611,36,1,2,0.861683082451199
"2.36.2",36,2,2,0.922227809770285,36,2,2,0.894557252878048,36,2,2,0.820177152115308
"1.37.2",37,1,2,0.788035818467647,37,1,2,0.712594056846055,37,1,2,0.819115254514623
"2.37.2",37,2,2,0.883541000103544,37,2,2,0.889649114586291,37,2,2,0.76753554185017
"1.38.2",38,1,2,0.697377401123034,38,1,2,0.480172610545043,38,1,2,0.91235699608606
"2.38.2",38,2,2,0.854651670596428,38,2,2,0.75174451198974,38,2,2,0.719774302323747
"1.39.2",39,1,2,0.875807019497806,39,1,2,0.708315045811829,39,1,2,0.799812491250847
"2.39.2",39,2,2,0.925180531566411,39,2,2,0.799729660871415,39,2,2,0.754248767896045
"1.40.2",40,1,2,0.763068449388725,40,1,2,0.68856537728436,40,1,2,0.799948415611205
"2.40.2",40,2,2,0.783940424222663,40,2,2,0.781698926198061,40,2,2,0.774054101084801
"1.41.2",41,1,2,0.884643758857206,41,1,2,0.605561380803942,41,1,2,0.908620821406884
"2.41.2",41,2,2,0.882521926564995,41,2,2,0.768673358655478,41,2,2,0.465541275521047
"1.42.2",42,1,2,0.835112963445432,42,1,2,0.764205371167696,42,1,2,0.776958504164393
"2.42.2",42,2,2,0.938538826306389,42,2,2,0.906771775052106,42,2,2,0.748576217656455
"1.44.2",44,1,2,0.825855872505708,44,1,2,0.631705854918797,44,1,2,0.912011407581891
"2.44.2",44,2,2,0.909452907514523,44,2,2,0.911636305640741,44,2,2,0.802139087464092
"1.45.2",45,1,2,0.784871640451444,45,1,2,0.75095393312797,45,1,2,0.759051419471308
"2.45.2",45,2,2,0.858421236925716,45,2,2,0.826759280154956,45,2,2,0.725062726349784
"1.46.2",46,1,2,0.689327775022866,46,1,2,0.504827586820749,46,1,2,1
"2.46.2",46,2,2,0.888004818817006,46,2,2,0.991838956004243,46,2,2,0.882638135171373
"1.47.2",47,1,2,0.813836148404653,47,1,2,0.735077566174787,47,1,2,0.796653052341086
"2.47.2",47,2,2,0.880693881212606,47,2,2,0.844246159700645,47,2,2,0.788647412552857
"1.48.2",48,1,2,0.846936673278334,48,1,2,0.760886275583555,48,1,2,0.822617866485707
"2.48.2",48,2,2,0.8388787893292,48,2,2,0.726358405991119,48,2,2,0.834166782036814
"1.49.2",49,1,2,0.821305858682105,49,1,2,0.394719002659757,49,1,2,0.872402220526913
"2.49.2",49,2,2,0.716719516568761,49,2,2,0.79592983090753,49,2,2,0.671477111297628
"1.50.2",50,1,2,0.772537972506719,50,1,2,0.650396731486592,50,1,2,0.972399460686854
"2.50.2",50,2,2,0.798135774439208,50,2,2,1,50,2,2,0.921365397989352
"1.51.2",51,1,2,0.84461601057939,51,1,2,0.706441516560793,51,1,2,0.776359791312858
"2.51.2",51,2,2,0.899872715275443,51,2,2,0.852544636806522,51,2,2,0.783648004074795
"1.53.2",53,1,2,0.901518063376093,53,1,2,0.648217956590787,53,1,2,0.819982698127017
"2.53.2",53,2,2,0.908788179058937,53,2,2,0.843455843462972,53,2,2,0.78371370250546
"1.54.2",54,1,2,0.875770756467476,54,1,2,0.632806355384723,54,1,2,0.743686610381838
"2.54.2",54,2,2,0.96525764942659,54,2,2,0.791850901819574,54,2,2,0.638417073898181
"1.55.2",55,1,2,0.768502033451173,55,1,2,0.701715869103687,55,1,2,0.633209428095971
"2.55.2",55,2,2,0.913456053868228,55,2,2,0.868272724152839,55,2,2,0.795967385073467
"1.56.2",56,1,2,1,56,1,2,0.872418314303924,56,1,2,0.840887909976536
"2.56.2",56,2,2,0.773950718624319,56,2,2,0.904934928921773,56,2,2,0.91696041328719
"1.66.2",66,1,2,0.94886557189064,66,1,2,0.650685798761949,66,1,2,0.824654710926461
"2.66.2",66,2,2,1,66,2,2,1,66,2,2,0.917040050644885
"1.72.2",72,1,2,1,72,1,2,0.583488541083513,72,1,2,0.441163294392549
"2.72.2",72,2,2,1,72,2,2,0.741431360341838,72,2,2,0.533367596526133
"1.78.2",78,1,2,0.651855835576673,78,1,2,0.616308415511852,78,1,2,0.826855055528932
"2.78.2",78,2,2,0.764976924344779,78,2,2,0.742599137848772,78,2,2,0.806029894334348
"1.1.3",1,1,3,0.749798624132257,1,1,3,0.429457981480101,1,1,3,0.845821193714501
"2.1.3",1,2,3,0.818408525211214,1,2,3,0.725526793769609,1,2,3,0.84409819699949
"1.2.3",2,1,3,0.751584995015748,2,1,3,0.217912686598258,2,1,3,0.983681050575725
"2.2.3",2,2,3,0.860446833620984,2,2,3,0.681210438604114,2,2,3,0.768446473966835
"1.4.3",4,1,3,0.751587022603236,4,1,3,0.584263220291667,4,1,3,0.774041622215319
"2.4.3",4,2,3,0.723606906640392,4,2,3,0.734482723946651,4,2,3,0.73797023507267
"1.5.3",5,1,3,0.763337286916784,5,1,3,0.449022331031455,5,1,3,0.948084709134929
"2.5.3",5,2,3,0.574653282203349,5,2,3,0.505349060233945,5,2,3,0.548260909126007
"1.6.3",6,1,3,0.757041468194504,6,1,3,0.576982933770399,6,1,3,0.740430116032963
"2.6.3",6,2,3,0.798729978099985,6,2,3,0.705724606746876,6,2,3,0.699042943325645
"1.8.3",8,1,3,0.666603800178143,8,1,3,0.471564008287859,8,1,3,0.742201714301796
"2.8.3",8,2,3,0.708756398657773,8,2,3,0.704417786631575,8,2,3,0.790105153595627
"1.9.3",9,1,3,0.723757615345814,9,1,3,0.563270782716725,9,1,3,0.722430032224763
"2.9.3",9,2,3,0.801690494721573,9,2,3,0.771484036806456,9,2,3,0.747874603805347
"1.10.3",10,1,3,0.622243481439577,10,1,3,0.598415001860103,10,1,3,0.722043376186327
"2.10.3",10,2,3,0.635011719110674,10,2,3,0.626626937236287,10,2,3,0.733136458065758
"1.11.3",11,1,3,0.807271916178859,11,1,3,0.568353672721382,11,1,3,0.953163035728824
"2.11.3",11,2,3,0.875952479780621,11,2,3,0.697777303799976,11,2,3,0.842791294940239
"1.12.3",12,1,3,0.688697230358773,12,1,3,0.515900849344667,12,1,3,0.779168043846242
"2.12.3",12,2,3,0.72944952802853,12,2,3,0.631451842846224,12,2,3,0.716036881285162
"1.13.3",13,1,3,0.573795794143582,13,1,3,0.364726969304714,13,1,3,0.639577397835588
"2.13.3",13,2,3,0.588020549305173,13,2,3,0.501353140592008,13,2,3,0.716262408405047
"1.15.3",15,1,3,0.89931534051722,15,1,3,0.736916995472071,15,1,3,0.797191382854061
"2.15.3",15,2,3,0.935407523438326,15,2,3,0.876281002307634,15,2,3,0.817965089179995
"1.16.3",16,1,3,0.564105594862819,16,1,3,0.433122989569247,16,1,3,0.761174128726972
"2.16.3",16,2,3,0.575994218632209,16,2,3,0.724552271177185,16,2,3,0.796119268683288
"1.17.3",17,1,3,0.699709819786027,17,1,3,0.612777242846147,17,1,3,0.72898015674582
"2.17.3",17,2,3,0.691627418099294,17,2,3,0.80442233890907,17,2,3,0.671673925999559
"1.18.3",18,1,3,0.614034815910925,18,1,3,0.544382646818084,18,1,3,0.736442129764628
"2.18.3",18,2,3,0.634469880671097,18,2,3,0.73478856500311,18,2,3,0.826175686130726
"1.19.3",19,1,3,0.812775784850084,19,1,3,0.542336504164349,19,1,3,0.80121931656951
"2.19.3",19,2,3,0.699477140456834,19,2,3,0.762633554704658,19,2,3,0.6928466735353
"1.20.3",20,1,3,0.571454878984123,20,1,3,0.453776800021339,20,1,3,0.789874618714766
"2.20.3",20,2,3,0.596890741846633,20,2,3,0.550431181460366,20,2,3,0.798783880097364
"1.21.3",21,1,3,0.866418996601668,21,1,3,0.612310352962576,21,1,3,0.846742779038959
"2.21.3",21,2,3,0.882165691964974,21,2,3,0.793763939141359,21,2,3,0.850474583519535
"1.22.3",22,1,3,0.643139458326012,22,1,3,0.607272421802841,22,1,3,0.881300870389752
"2.22.3",22,2,3,0.722976269319479,22,2,3,0.635647072866316,22,2,3,0.73466136051306
"1.23.3",23,1,3,0.988307669364744,23,1,3,0.793497883325915,23,1,3,0.927252660481951
"2.23.3",23,2,3,0.598517090564528,23,2,3,0.886941133954433,23,2,3,0.846014384732021
"1.24.3",24,1,3,0.583272898426833,24,1,3,0.520250804370206,24,1,3,0.797752434410484
"2.24.3",24,2,3,0.635742168315918,24,2,3,0.739259239686246,24,2,3,0.735086853008955
"1.25.3",25,1,3,0.803272494315262,25,1,3,0.679699868882097,25,1,3,0.713128873108837
"2.25.3",25,2,3,0.918948458727186,25,2,3,0.854343061931224,25,2,3,0.698217722242333
"1.26.3",26,1,3,0.806984338394737,26,1,3,0.700246558095368,26,1,3,0.835782247252376
"2.26.3",26,2,3,0.850653993898798,26,2,3,0.811306669050584,26,2,3,0.811659900903349
"1.27.3",27,1,3,0.550978785332018,27,1,3,0.382580214507861,27,1,3,0.753623880551657
"2.27.3",27,2,3,0.687806662774296,27,2,3,0.570145938175123,27,2,3,0.732439953104605
"1.28.3",28,1,3,0.629062915489004,28,1,3,0.540495256638908,28,1,3,0.912631547965472
"2.28.3",28,2,3,0.622663884437964,28,2,3,0.638034526522259,28,2,3,0.886788265545826
"1.29.3",29,1,3,0.660079713243894,29,1,3,0.489553204933725,29,1,3,0.790097974907779
"2.29.3",29,2,3,0.729512686418494,29,2,3,0.803273828658387,29,2,3,0.778036650450097
"1.30.3",30,1,3,0.632844212695352,30,1,3,0.361219788201664,30,1,3,0.842587011270055
"2.30.3",30,2,3,0.920935859457242,30,2,3,0.868925404245114,30,2,3,0.820547733117091
"1.31.3",31,1,3,0.612643389980104,31,1,3,0.486853187050424,31,1,3,0.777812347578453
"2.31.3",31,2,3,0.57204070529881,31,2,3,0.681500563278641,31,2,3,0.697442039604861
"1.32.3",32,1,3,0.649409736728567,32,1,3,0.453823319216587,32,1,3,0.754167294243412
"2.32.3",32,2,3,0.675279251796919,32,2,3,0.564189933283201,32,2,3,0.731652863160648
"1.33.3",33,1,3,0.818128804915024,33,1,3,0.756686217622219,33,1,3,0.818554606447086
"2.33.3",33,2,3,0.996202548817005,33,2,3,0.931558553747925,33,2,3,0.898278063731725
"1.34.3",34,1,3,0.66421705538636,34,1,3,0.605071409520325,34,1,3,0.69253495428471
"2.34.3",34,2,3,0.752421707912625,34,2,3,0.742717001635908,34,2,3,0.683382729059134
"1.35.3",35,1,3,0.840730479968996,35,1,3,0.574815468423826,35,1,3,0.755562513275071
"2.35.3",35,2,3,0.873337565296313,35,2,3,0.737095562015617,35,2,3,0.71786715951584
"1.36.3",36,1,3,0.733409950138826,36,1,3,0.639041603364806,36,1,3,0.767500057799945
"2.36.3",36,2,3,0.809568701535248,36,2,3,0.748018544287676,36,2,3,0.690185634026102
"1.37.3",37,1,3,0.443487664009933,37,1,3,0.381230569467068,37,1,3,0.77470760416652
"2.37.3",37,2,3,0.455283345400583,37,2,3,0.555246927625712,37,2,3,0.695529104585762
"1.38.3",38,1,3,0.781703928232887,38,1,3,0.36508361878769,38,1,3,0.760627534783199
"2.38.3",38,2,3,0.968963956394346,38,2,3,0.727744509035455,38,2,3,0.769390502186656
"1.39.3",39,1,3,0.847503059807703,39,1,3,0.792080058311155,39,1,3,0.855931245436635
"2.39.3",39,2,3,0.938916416369977,39,2,3,0.769433647739184,39,2,3,0.785742152984086
"1.40.3",40,1,3,0.469489619806106,40,1,3,0.475941731912233,40,1,3,0.802118756002635
"2.40.3",40,2,3,0.539694263191504,40,2,3,0.550161564002793,40,2,3,0.822636496811356
"1.41.3",41,1,3,0.66613548494913,41,1,3,0.601623222097665,41,1,3,0.77732087898467
"2.41.3",41,2,3,0.775327427113439,41,2,3,0.708328852409578,41,2,3,0.756186969013023
"1.42.3",42,1,3,0.758721114056592,42,1,3,0.664458139815232,42,1,3,0.780080687694396
"2.42.3",42,2,3,0.848865665082436,42,2,3,0.780034307107973,42,2,3,0.763196144343388
"1.44.3",44,1,3,0.714524400113793,44,1,3,0.704161242494579,44,1,3,0.738747163097234
"2.44.3",44,2,3,0.833996015208202,44,2,3,0.7705311119811,44,2,3,0.66900029509976
"1.45.3",45,1,3,0.600246045484565,45,1,3,0.484517197397204,45,1,3,0.844743825364262
"2.45.3",45,2,3,0.632602691781126,45,2,3,0.545301181048251,45,2,3,0.876120318492596
"1.46.3",46,1,3,0.620390863238625,46,1,3,0.316517772617176,46,1,3,0.944351846795495
"2.46.3",46,2,3,0.726992904042843,46,2,3,0.795276145998444,46,2,3,0.832233684135324
"1.47.3",47,1,3,0.564882329222719,47,1,3,0.403847042039237,47,1,3,0.82158705803855
"2.47.3",47,2,3,0.62937515481973,47,2,3,0.579132204353235,47,2,3,0.88239836851981
"1.48.3",48,1,3,0.623834618410609,48,1,3,0.49551145296158,48,1,3,0.805552164004868
"2.48.3",48,2,3,0.56694107049601,48,2,3,0.580286838570888,48,2,3,0.729242841216153
"1.49.3",49,1,3,0.672541690754601,49,1,3,0.469234185992082,49,1,3,0.838461998565554
"2.49.3",49,2,3,0.64828906106266,49,2,3,0.620980107160222,49,2,3,0.78774542918526
"1.50.3",50,1,3,0.797064648727367,50,1,3,0.611572745212333,50,1,3,0.958181350929929
"2.50.3",50,2,3,1,50,2,3,0.870054015678311,50,2,3,0.940446502919158
"1.51.3",51,1,3,0.526101280821832,51,1,3,0.383746474760067,51,1,3,0.782259601823146
"2.51.3",51,2,3,0.612362100157246,51,2,3,0.618626685856868,51,2,3,0.77497568430549
"1.53.3",53,1,3,0.642069117500895,53,1,3,0.475431090638283,53,1,3,0.774480779298068
"2.53.3",53,2,3,0.650850640038296,53,2,3,0.655590822207064,53,2,3,0.75291835188843
"1.54.3",54,1,3,0.759755581098035,54,1,3,0.611726408394415,54,1,3,0.710692273617018
"2.54.3",54,2,3,0.854878035889833,54,2,3,0.801514236030075,54,2,3,0.705236273079755
"1.55.3",55,1,3,0.615794013220555,55,1,3,0.564186819523303,55,1,3,0.764377970799217
"2.55.3",55,2,3,0.670190865721862,55,2,3,0.72454527351934,55,2,3,0.805580591568256
"1.56.3",56,1,3,0.58571890989241,56,1,3,0.490083988156029,56,1,3,0.804052315240818
"2.56.3",56,2,3,0.660414395994103,56,2,3,0.601282098478811,56,2,3,0.797655102496118
"1.66.3",66,1,3,0.792340227674079,66,1,3,0.738214636446191,66,1,3,0.856943034720374
"2.66.3",66,2,3,0.925376030043642,66,2,3,0.952464102787435,66,2,3,0.796038680517336
"1.72.3",72,1,3,0.892468361679854,72,1,3,0.798556402928981,72,1,3,0.709738478462652
"2.72.3",72,2,3,0.955971918282531,72,2,3,0.860414639320657,72,2,3,0.60925085439247
"1.78.3",78,1,3,0.461570299571489,78,1,3,0.436850843541829,78,1,3,0.718170574796848
"2.78.3",78,2,3,0.696958488179039,78,2,3,0.62155897105477,78,2,3,0.741529748396087
"1.1.4",1,1,4,0.837788907628203,1,1,4,0.623856974391775,1,1,4,0.726281898348156
"2.1.4",1,2,4,0.870837105980695,1,2,4,0.858851552701318,1,2,4,0.747817389281239
"1.2.4",2,1,4,0.824717327877806,2,1,4,0.507177260438533,2,1,4,0.830444391528459
"2.2.4",2,2,4,0.864340829274033,2,2,4,0.75874944564357,2,2,4,0.83040403271183
"1.4.4",4,1,4,0.871992371151531,4,1,4,0.553807281834038,4,1,4,0.775160018027409
"2.4.4",4,2,4,0.902930970889072,4,2,4,0.662417340061225,4,2,4,0.837318128801938
"1.5.4",5,1,4,0.881615973352011,5,1,4,0.534056532468448,5,1,4,0.835758199474694
"2.5.4",5,2,4,0.91980137009848,5,2,4,0.875078942727608,5,2,4,0.494003777213088
"1.6.4",6,1,4,0.953009178350641,6,1,4,0.760818362066902,6,1,4,0.888932882501248
"2.6.4",6,2,4,0.953336704838722,6,2,4,0.862768448649044,6,2,4,0.881527054549185
"1.8.4",8,1,4,0.942257371515748,8,1,4,0.678447113452767,8,1,4,0.83472028533189
"2.8.4",8,2,4,0.935265878171414,8,2,4,0.790081504722772,8,2,4,0.81831571617779
"1.9.4",9,1,4,0.923095432840535,9,1,4,0.780921799421576,9,1,4,0.919152726202969
"2.9.4",9,2,4,0.970698828776838,9,2,4,0.734010575161848,9,2,4,0.935206194870495
"1.10.4",10,1,4,0.965822147841616,10,1,4,0.77198338832085,10,1,4,0.91096666532355
"2.10.4",10,2,4,0.984959766848382,10,2,4,0.749046649366922,10,2,4,0.848976344483679
"1.11.4",11,1,4,0.873217805358775,11,1,4,0.615454794616756,11,1,4,0.920333945171844
"2.11.4",11,2,4,0.9437857083504,11,2,4,0.704376768262644,11,2,4,0.80364142387598
"1.12.4",12,1,4,0.832386359974363,12,1,4,0.601811662886386,12,1,4,0.833947843436805
"2.12.4",12,2,4,0.850610395876715,12,2,4,0.683929727867034,12,2,4,0.899104073082089
"1.13.4",13,1,4,0.883049513242823,13,1,4,0.668282036568967,13,1,4,0.945825247785619
"2.13.4",13,2,4,0.708220656811416,13,2,4,0.657084863951122,13,2,4,0.918952928298531
"1.15.4",15,1,4,0.92589525434869,15,1,4,0.848895401799931,15,1,4,0.860839416402958
"2.15.4",15,2,4,0.940561883946536,15,2,4,0.912495015406014,15,2,4,0.855753763124896
"1.16.4",16,1,4,0.893791142185571,16,1,4,0.576552072689741,16,1,4,0.774449352239295
"2.16.4",16,2,4,0.925964296182873,16,2,4,0.784656658583182,16,2,4,0.865696655191216
"1.17.4",17,1,4,0.893111134373665,17,1,4,0.632798470194598,17,1,4,0.928428331008385
"2.17.4",17,2,4,0.94056268342118,17,2,4,0.805826395466248,17,2,4,0.919361072828767
"1.18.4",18,1,4,0.82787634483068,18,1,4,0.699061493227478,18,1,4,0.883985454615705
"2.18.4",18,2,4,0.89479325215723,18,2,4,0.693685591684692,18,2,4,0.841603043557201
"1.19.4",19,1,4,0.890115566918255,19,1,4,0.653653311020169,19,1,4,0.780676133988065
"2.19.4",19,2,4,0.841820293764318,19,2,4,0.676064468315602,19,2,4,0.833289420214631
"1.20.4",20,1,4,0.887103537482362,20,1,4,0.632936254312803,20,1,4,0.793761550424799
"2.20.4",20,2,4,0.89417227486903,20,2,4,0.741670437493052,20,2,4,0.850539223347583
"1.21.4",21,1,4,0.964366158824337,21,1,4,0.570039617338458,21,1,4,0.746671210537981
"2.21.4",21,2,4,0.961071784043297,21,2,4,0.654811467576832,21,2,4,0.853087161699812
"1.22.4",22,1,4,0.904992162032197,22,1,4,0.723908832582751,22,1,4,0.694613832959704
"2.22.4",22,2,4,0.742324607261692,22,2,4,0.736566538917389,22,2,4,0.897996444023988
"1.23.4",23,1,4,0.834251537811121,23,1,4,0.615860776363526,23,1,4,0.858080309866736
"2.23.4",23,2,4,0.928689293519479,23,2,4,0.878423686376567,23,2,4,0.770964568765617
"1.24.4",24,1,4,0.920399795882228,24,1,4,0.789773685619977,24,1,4,0.923833467325699
"2.24.4",24,2,4,0.940785616338277,24,2,4,0.880423500799725,24,2,4,0.873838424980736
"1.25.4",25,1,4,0.902009168386783,25,1,4,0.738475248837788,25,1,4,0.88655975363919
"2.25.4",25,2,4,0.914608407649631,25,2,4,0.809965707092957,25,2,4,0.928231029324394
"1.26.4",26,1,4,0.89671263664558,26,1,4,0.805966657906185,26,1,4,0.933760264243765
"2.26.4",26,2,4,0.867710431822354,26,2,4,0.834401326105763,26,2,4,0.863394661360981
"1.27.4",27,1,4,0.890306030594791,27,1,4,0.490441095618849,27,1,4,0.844628861294987
"2.27.4",27,2,4,0.932976933873716,27,2,4,0.670367097304052,27,2,4,0.880893315347838
"1.28.4",28,1,4,0.818312926350025,28,1,4,0.68923186838083,28,1,4,0.86697538965362
"2.28.4",28,2,4,0.940345323772085,28,2,4,0.77664053043626,28,2,4,0.746095819945501
"1.29.4",29,1,4,0.910519830118003,29,1,4,0.52011529658044,29,1,4,0.786634946531921
"2.29.4",29,2,4,0.790259811242826,29,2,4,0.701638745365149,29,2,4,0.695359816740414
"1.30.4",30,1,4,0.818366054424926,30,1,4,0.573361556947427,30,1,4,0.724762455482066
"2.30.4",30,2,4,0.858831805236005,30,2,4,0.726462694113849,30,2,4,0.808290526252886
"1.31.4",31,1,4,0.782768898997472,31,1,4,0.501308995414347,31,1,4,0.884572105351979
"2.31.4",31,2,4,0.790453587156765,31,2,4,0.686666439275282,31,2,4,0.874978942032507
"1.32.4",32,1,4,0.835323744663295,32,1,4,0.642381781687777,32,1,4,0.836119410410912
"2.32.4",32,2,4,0.960283502591208,32,2,4,0.827804252112236,32,2,4,0.773412246247241
"1.33.4",33,1,4,0.908458627274849,33,1,4,0.780536952506206,33,1,4,0.925557508867631
"2.33.4",33,2,4,0.947586940611697,33,2,4,0.833379329970594,33,2,4,0.778687658205424
"1.34.4",34,1,4,0.914174434097729,34,1,4,0.741693637337944,34,1,4,0.908622558040678
"2.34.4",34,2,4,0.912811995593646,34,2,4,0.828286846549545,34,2,4,0.905771676990168
"1.35.4",35,1,4,0.930527854567278,35,1,4,0.545348155453791,35,1,4,0.79352241647287
"2.35.4",35,2,4,0.892114809551063,35,2,4,0.639394510238211,35,2,4,0.764646909462804
"1.36.4",36,1,4,0.902531834285462,36,1,4,0.821710131185172,36,1,4,0.853982852270408
"2.36.4",36,2,4,0.909006399976304,36,2,4,0.854169811870958,36,2,4,0.841497272411713
"1.37.4",37,1,4,0.78948313005698,37,1,4,0.603936638244039,37,1,4,0.866288130952961
"2.37.4",37,2,4,0.869390295578242,37,2,4,0.727032707360621,37,2,4,0.802180131484577
"1.38.4",38,1,4,0.848126088080324,38,1,4,0.541247302938956,38,1,4,0.833340849187837
"2.38.4",38,2,4,0.88821642564066,38,2,4,0.645562822997983,38,2,4,0.741081714756775
"1.39.4",39,1,4,0.917698794108283,39,1,4,0.651283423384311,39,1,4,0.923789612546862
"2.39.4",39,2,4,0.989467460681972,39,2,4,0.741077957091478,39,2,4,0.895378479230795
"1.40.4",40,1,4,0.885567773715689,40,1,4,0.565665307805363,40,1,4,0.791348690671744
"2.40.4",40,2,4,0.943614295308749,40,2,4,0.707491190024808,40,2,4,0.811685978760412
"1.41.4",41,1,4,0.903430260997279,41,1,4,0.747836307341453,41,1,4,0.864266506393892
"2.41.4",41,2,4,0.974475655867797,41,2,4,0.819018475686518,41,2,4,0.836232004803763
"1.42.4",42,1,4,0.886557146268934,42,1,4,0.622521295289631,42,1,4,0.935590121396964
"2.42.4",42,2,4,0.951257805460551,42,2,4,0.871231938356924,42,2,4,0.875227274658121
"1.44.4",44,1,4,0.938212369726885,44,1,4,0.732948063544402,44,1,4,0.827376251135539
"2.44.4",44,2,4,0.987320727760467,44,2,4,0.940075787663994,44,2,4,0.831142466577422
"1.45.4",45,1,4,0.809920310793385,45,1,4,0.612622315552291,45,1,4,0.889362618545219
"2.45.4",45,2,4,0.837185264494573,45,2,4,0.666267200719624,45,2,4,0.87693127874717
"1.46.4",46,1,4,0.906533347204994,46,1,4,0.420938696157818,46,1,4,0.847589678012589
"2.46.4",46,2,4,0.952732260757746,46,2,4,0.492133587093498,46,2,4,0.708630095198728
"1.47.4",47,1,4,0.783085924853873,47,1,4,0.755576362036175,47,1,4,0.664049802528309
"2.47.4",47,2,4,0.849982179476768,47,2,4,0.735624789670655,47,2,4,0.784242660963088
"1.48.4",48,1,4,0.892175615677754,48,1,4,0.670480712916962,48,1,4,0.939304375420914
"2.48.4",48,2,4,0.883555465010845,48,2,4,0.776580980366559,48,2,4,0.896552027584157
"1.49.4",49,1,4,0.762103297562983,49,1,4,0.501769896996095,49,1,4,0.917079119379681
"2.49.4",49,2,4,0.856360825103464,49,2,4,0.761934312561335,49,2,4,0.816466956678633
"1.50.4",50,1,4,0.918696850070786,50,1,4,0.816415857292582,50,1,4,0.715700169822925
"2.50.4",50,2,4,0.97665053753908,50,2,4,0.801751303676885,50,2,4,0.891607250520455
"1.51.4",51,1,4,0.933682168970021,51,1,4,0.73820874908943,51,1,4,0.956858835702439
"2.51.4",51,2,4,0.942616189257594,51,2,4,0.769142714873468,51,2,4,0.933359716853902
"1.53.4",53,1,4,0.935088119802332,53,1,4,0.675269427020695,53,1,4,0.901373891930678
"2.53.4",53,2,4,0.936995924601585,53,2,4,0.72734793380239,53,2,4,0.875563149579113
"1.54.4",54,1,4,0.888018195076527,54,1,4,0.776495172123849,54,1,4,0.862483170638497
"2.54.4",54,2,4,0.940307409893757,54,2,4,0.738448717986451,54,2,4,0.743944997997319
"1.55.4",55,1,4,0.949173664934087,55,1,4,0.796799891904861,55,1,4,0.88665016740033
"2.55.4",55,2,4,0.910287931308823,55,2,4,0.746594087105974,55,2,4,0.8374334821576
"1.56.4",56,1,4,0.864620791086358,56,1,4,0.635775294962567,56,1,4,0.814427963131745
"2.56.4",56,2,4,0.809315252292337,56,2,4,0.710493903025947,56,2,4,0.616393587443118
"1.66.4",66,1,4,0.723907251590091,66,1,4,0.672782739761876,66,1,4,0.76596416995411
"2.66.4",66,2,4,0.778695240061222,66,2,4,0.661829591843801,66,2,4,0.761641996893533
"1.72.4",72,1,4,1,72,1,4,1,72,1,4,0.968101032821365
"2.72.4",72,2,4,0.988574601279619,72,2,4,0.845295758950703,72,2,4,0.653475831684315
"1.78.4",78,1,4,0.853723247097739,78,1,4,0.604201528968407,78,1,4,0.639263723956574
"2.78.4",78,2,4,0.606698661004516,78,2,4,0.991517452485084,78,2,4,0.671731001097414
"1.1.5",1,1,5,0.572170745723699,1,1,5,0.680442862398011,1,1,5,0.846209363276261
"2.1.5",1,2,5,0.759694734610049,1,2,5,0.711384590621835,1,2,5,0.831072494197434
"1.2.5",2,1,5,0.901351343029824,2,1,5,0.717309039405998,2,1,5,0.825022248499393
"2.2.5",2,2,5,0.881323516224199,2,2,5,0.699343088398927,2,2,5,0.897036523568356
"1.4.5",4,1,5,0.772500042974899,4,1,5,0.628521395667654,4,1,5,0.746353781069484
"2.4.5",4,2,5,0.990504236093251,4,2,5,0.726342575563344,4,2,5,0.774291229767864
"1.5.5",5,1,5,0.868436873326609,5,1,5,0.854988725100572,5,1,5,0.557280813571526
"2.5.5",5,2,5,0.782306509919775,5,2,5,0.896961100714757,5,2,5,0.706976725457053
"1.6.5",6,1,5,0.947096242751834,6,1,5,0.631487192453901,6,1,5,0.897930072235015
"2.6.5",6,2,5,0.971862087041703,6,2,5,0.89826756373516,6,2,5,0.761862967454113
"1.8.5",8,1,5,0.827875134912319,8,1,5,0.599616662954703,8,1,5,0.815346461254374
"2.8.5",8,2,5,0.920187794515192,8,2,5,0.828889253360014,8,2,5,0.836077567424174
"1.9.5",9,1,5,0.961555113825403,9,1,5,0.600796424406173,9,1,5,0.868140364957339
"2.9.5",9,2,5,0.952390186097772,9,2,5,0.792763047455074,9,2,5,0.837749285542544
"1.10.5",10,1,5,1,10,1,5,0.83283059656807,10,1,5,0.86287269196778
"2.10.5",10,2,5,0.974840411134925,10,2,5,0.876947134015325,10,2,5,0.742127785450909
"1.11.5",11,1,5,0.893245546419138,11,1,5,0.596717988147413,11,1,5,0.960156448111618
"2.11.5",11,2,5,1,11,2,5,0.677566039390855,11,2,5,0.814672237185524
"1.12.5",12,1,5,0.76917171343535,12,1,5,0.484889926755498,12,1,5,0.870044598022001
"2.12.5",12,2,5,0.74828776831801,12,2,5,0.786382328881891,12,2,5,0.681038907228474
"1.13.5",13,1,5,0.916437966031415,13,1,5,0.655628487308008,13,1,5,0.733165358376708
"2.13.5",13,2,5,0.790969929996258,13,2,5,0.529111241970849,13,2,5,0.832455828436585
"1.15.5",15,1,5,0.900359223381184,15,1,5,0.780355670740119,15,1,5,0.81502043483298
"2.15.5",15,2,5,0.924219052182837,15,2,5,0.851772994994291,15,2,5,0.814548846386625
"1.16.5",16,1,5,0.718779166196826,16,1,5,0.613013943708986,16,1,5,0.786064126458211
"2.16.5",16,2,5,0.945506750210236,16,2,5,0.63220153168711,16,2,5,0.603484093797723
"1.17.5",17,1,5,0.87174906525353,17,1,5,0.455379200926209,17,1,5,0.823589519479602
"2.17.5",17,2,5,1,17,2,5,0.924838223115803,17,2,5,0.892353360093535
"1.18.5",18,1,5,0.861029976560545,18,1,5,0.658898254166368,18,1,5,0.880508263867476
"2.18.5",18,2,5,0.892237197001235,18,2,5,0.902336333213913,18,2,5,0.665434192733612
"1.19.5",19,1,5,1,19,1,5,0.675733186105598,19,1,5,0.754425215198761
"2.19.5",19,2,5,0.885870502244926,19,2,5,0.719124336248083,19,2,5,0.480129635998439
"1.20.5",20,1,5,0.775768035803083,20,1,5,0.617272632255781,20,1,5,0.80242201662744
"2.20.5",20,2,5,0.889552813060771,20,2,5,0.806665680143003,20,2,5,0.690162499048512
"1.21.5",21,1,5,0.816524402781301,21,1,5,0.650657625842257,21,1,5,0.635253674908245
"2.21.5",21,2,5,0.975425148795045,21,2,5,0.846366150737497,21,2,5,0.679955980973011
"1.22.5",22,1,5,0.788874008178826,22,1,5,0.45092489999439,22,1,5,0.909722272355196
"2.22.5",22,2,5,0.806432263211006,22,2,5,0.64225229711971,22,2,5,0.83117300869376
"1.23.5",23,1,5,0.835730743747141,23,1,5,0.797670385486251,23,1,5,0.626539549134888
"2.23.5",23,2,5,0.939018063785173,23,2,5,0.897802019150905,23,2,5,0.818200432202817
"1.24.5",24,1,5,0.940511668202987,24,1,5,0.754091270335143,24,1,5,0.887099399359751
"2.24.5",24,2,5,0.958274929997335,24,2,5,0.884639328857328,24,2,5,0.819750973217257
"1.25.5",25,1,5,0.907032014636979,25,1,5,0.807125736095892,25,1,5,0.747493913216159
"2.25.5",25,2,5,0.974201416903961,25,2,5,0.986885748802671,25,2,5,0.715535757957505
"1.26.5",26,1,5,0.807409900535022,26,1,5,0.72068298375633,26,1,5,0.840832491764258
"2.26.5",26,2,5,0.908580771715521,26,2,5,0.864351696997008,26,2,5,0.568100396545269
"1.27.5",27,1,5,0.897658518601664,27,1,5,0.542764881660358,27,1,5,0.875136163038309
"2.27.5",27,2,5,0.921538191924546,27,2,5,0.701818782863545,27,2,5,0.785951111530571
"1.28.5",28,1,5,0.880701615261551,28,1,5,0.615647019363654,28,1,5,0.870699398887748
"2.28.5",28,2,5,0.836841199860959,28,2,5,0.779886222983802,28,2,5,0.37010617784808
"1.29.5",29,1,5,0.763119589515991,29,1,5,0.550323048465276,29,1,5,0.762843840352577
"2.29.5",29,2,5,0.801668728559215,29,2,5,0.79629973710215,29,2,5,0.851065925621985
"1.30.5",30,1,5,0.878900813736854,30,1,5,0.661798931261824,30,1,5,0.626486340608202
"2.30.5",30,2,5,0.820653705810554,30,2,5,0.910358137500486,30,2,5,0.716270730927428
"1.31.5",31,1,5,0.854761674580733,31,1,5,0.799644413793238,31,1,5,0.651686945641004
"2.31.5",31,2,5,0.887723905352649,31,2,5,0.860142659021613,31,2,5,0.821561973175335
"1.32.5",32,1,5,0.851075382208672,32,1,5,0.545569345746285,32,1,5,0.798868976141888
"2.32.5",32,2,5,0.881582858445562,32,2,5,0.616581594613792,32,2,5,0.723291771886717
"1.33.5",33,1,5,0.723242883741984,33,1,5,0.589843786924733,33,1,5,0.743587130977325
"2.33.5",33,2,5,0.958926814608844,33,2,5,0.799326879455627,33,2,5,0.685042186696863
"1.34.5",34,1,5,0.966167674945361,34,1,5,0.837658334903985,34,1,5,0.609798432230942
"2.34.5",34,2,5,0.89617200552692,34,2,5,0.915911548637488,34,2,5,0.737048780274258
"1.35.5",35,1,5,0.983145110488688,35,1,5,0.472675556642874,35,1,5,0.890784525106974
"2.35.5",35,2,5,1,35,2,5,0.918928832026885,35,2,5,0.875165096212323
"1.36.5",36,1,5,0.917949349527595,36,1,5,0.833056655957375,36,1,5,0.829608199369003
"2.36.5",36,2,5,0.875077329098226,36,2,5,0.857288037268858,36,2,5,0.689572013204183
"1.37.5",37,1,5,0.762498668998452,37,1,5,0.593583483255656,37,1,5,0.744202970991023
"2.37.5",37,2,5,0.924502672916886,37,2,5,0.80558730259062,37,2,5,0.780503434359742
"1.38.5",38,1,5,0.723606918908115,38,1,5,0.327769165545666,38,1,5,0.751138294730865
"2.38.5",38,2,5,0.974870515581924,38,2,5,0.894625398429027,38,2,5,0.729890994868634
"1.39.5",39,1,5,0.87278120534354,39,1,5,0.749610601541816,39,1,5,0.591763963121511
"2.39.5",39,2,5,0.915294039622802,39,2,5,0.757673626301522,39,2,5,0.756926413254011
"1.40.5",40,1,5,0.933367880585391,40,1,5,0.722000977623139,40,1,5,0.786260019818067
"2.40.5",40,2,5,0.898779130259973,40,2,5,0.772807732447111,40,2,5,0.652295067534865
"1.41.5",41,1,5,0.917393826601282,41,1,5,0.78842130919304,41,1,5,0.770212086788759
"2.41.5",41,2,5,0.934811862838681,41,2,5,0.870006783968627,41,2,5,0.784532564844315
"1.42.5",42,1,5,0.992111326344728,42,1,5,0.716902029700863,42,1,5,0.856551161221087
"2.42.5",42,2,5,0.95353952849342,42,2,5,0.909151473507659,42,2,5,0.86293109572169
"1.44.5",44,1,5,0.849446876577776,44,1,5,0.552984905585885,44,1,5,0.678266691947972
"2.44.5",44,2,5,0.943126851930918,44,2,5,0.758296760187059,44,2,5,0.742102664803238
"1.45.5",45,1,5,0.821955746251621,45,1,5,0.652194166068291,45,1,5,0.700570008218967
"2.45.5",45,2,5,0.804459517526944,45,2,5,0.701332163560967,45,2,5,0.680340889070982
"1.46.5",46,1,5,0.782651957362183,46,1,5,0.453783454981215,46,1,5,0.771429493340427
"2.46.5",46,2,5,0.761561112011242,46,2,5,0.639735514718141,46,2,5,0.719079839028789
"1.47.5",47,1,5,0.953796465493393,47,1,5,0.83859790079617,47,1,5,0.738694621952003
"2.47.5",47,2,5,0.715974179547989,47,2,5,0.722468279494078,47,2,5,0.562416095507095
"1.48.5",48,1,5,0.812255948442212,48,1,5,0.569216680962883,48,1,5,0.911983731634793
"2.48.5",48,2,5,0.917239516749727,48,2,5,0.879701202079319,48,2,5,0.691933856995625
"1.49.5",49,1,5,0.834837298090481,49,1,5,0.635711290657743,49,1,5,0.841966328147295
"2.49.5",49,2,5,0.716226562580866,49,2,5,0.803454764066971,49,2,5,0.854974903184951
"1.50.5",50,1,5,0.96101246258639,50,1,5,0.88276746717704,50,1,5,0.824310681973726
"2.50.5",50,2,5,0.977469843801973,50,2,5,0.910685498795514,50,2,5,0.839705753004114
"1.51.5",51,1,5,0.843718357774549,51,1,5,0.777635133979829,51,1,5,0.766265674223266
"2.51.5",51,2,5,0.916119154723806,51,2,5,0.784065476926147,51,2,5,0.824666933859277
"1.53.5",53,1,5,0.926472994793316,53,1,5,0.629553479781347,53,1,5,0.827813665768579
"2.53.5",53,2,5,0.95599731572362,53,2,5,0.826410665658504,53,2,5,0.743022749847939
"1.54.5",54,1,5,0.930160231974676,54,1,5,0.826937653909489,54,1,5,0.637167592779212
"2.54.5",54,2,5,0.932626192946174,54,2,5,0.76646072343331,54,2,5,0.732732566612671
"1.55.5",55,1,5,0.951503425474572,55,1,5,0.845267698863741,55,1,5,0.808080266408104
"2.55.5",55,2,5,0.937818401915122,55,2,5,1,55,2,5,0.641925772738165
"1.56.5",56,1,5,0.772784624418587,56,1,5,0.460370636367782,56,1,5,0.705186806783272
"2.56.5",56,2,5,0.822817274005764,56,2,5,0.74562243457089,56,2,5,0.708155398313068
"1.66.5",66,1,5,0.742578416623679,66,1,5,0.570573206839987,66,1,5,0.752437865908327
"2.66.5",66,2,5,0.803244112614946,66,2,5,0.717894050504701,66,2,5,0.827279339927994
"1.72.5",72,1,5,1,72,1,5,1,72,1,5,1
"1.78.5",78,1,5,0.759839434401026,78,1,5,0.759839434401026,78,1,5,1
"2.78.5",78,2,5,0.890357965210095,78,2,5,0.800916217885628,78,2,5,0.425895873361094
"1.1",1,3,1,0.90345937068288,1,3,1,0.810275651947785,1,3,1,0.777210385916908
"2.1",2,3,1,0.910886626879355,2,3,1,0.703986887656293,2,3,1,0.867046884588929
"4.1",4,3,1,0.937434565962002,4,3,1,0.788017423035544,4,3,1,0.845744929913864
"5.1",5,3,1,0.914095888440354,5,3,1,0.833557166645848,5,3,1,0.749430806253117
"6.1",6,3,1,0.958630878715383,6,3,1,0.837655747191225,6,3,1,0.881948583838853
"8.1",8,3,1,0.944957711093317,8,3,1,0.78593611406238,8,3,1,0.885361300061404
"9.1",9,3,1,0.970415593650075,9,3,1,0.898591825702026,9,3,1,0.88340326080066
"10.1",10,3,1,0.945000788199439,10,3,1,0.863991441760261,10,3,1,0.848464805497069
"11.1",11,3,1,0.977905945091639,11,3,1,0.752156062489128,11,3,1,0.967742017709835
"12.1",12,3,1,0.896822151415419,12,3,1,0.788532118739822,12,3,1,0.822744706362762
"13.1",13,3,1,0.883268881325976,13,3,1,0.788399190581156,13,3,1,0.825101704342403
"15.1",15,3,1,0.943112033383892,15,3,1,0.829738007446123,15,3,1,0.898780716083289
"16.1",16,3,1,0.877693481784584,16,3,1,0.744361052941711,16,3,1,0.855116309265442
"17.1",17,3,1,0.95830256994132,17,3,1,0.856602315488538,17,3,1,0.852173872749659
"18.1",18,3,1,0.913987412889942,18,3,1,0.839245576937733,18,3,1,0.822819455290583
"19.1",19,3,1,0.951237466934836,19,3,1,0.852831333209893,19,3,1,0.874166179257969
"20.1",20,3,1,0.91299573446197,20,3,1,0.824679949023426,20,3,1,0.860681849163496
"21.1",21,3,1,0.949143309171944,21,3,1,0.810738760323029,21,3,1,0.775156560091993
"22.1",22,3,1,0.895878524268834,22,3,1,0.78435230871972,22,3,1,0.795285893524444
"23.1",23,3,1,0.916796899459857,23,3,1,0.884799781993748,23,3,1,0.839073743277961
"24.1",24,3,1,0.963059026721392,24,3,1,0.88281748236966,24,3,1,0.8700557699278
"25.1",25,3,1,0.961711058589029,25,3,1,0.918623152660658,25,3,1,0.879806108451941
"26.1",26,3,1,0.933954592756883,26,3,1,0.867124674178571,26,3,1,0.829113020290029
"27.1",27,3,1,0.958982743438471,27,3,1,0.758006552109197,27,3,1,0.882870227712733
"28.1",28,3,1,0.869979562937881,28,3,1,0.796795135635667,28,3,1,0.776609580283441
"29.1",29,3,1,0.900040420578223,29,3,1,0.802331092112613,29,3,1,0.819672474727817
"30.1",30,3,1,0.908184876054608,30,3,1,0.745545515403602,30,3,1,0.854184987877554
"31.1",31,3,1,0.918189022674942,31,3,1,0.845689394504092,31,3,1,0.868018092231252
"32.1",32,3,1,0.920317957722693,32,3,1,0.768469794163343,32,3,1,0.81347386585144
"33.1",33,3,1,0.937195749538446,33,3,1,0.887415184405483,33,3,1,0.860553247403186
"34.1",34,3,1,0.952714919740756,34,3,1,0.876652488788923,34,3,1,0.864622426875942
"35.1",35,3,1,0.950169651576428,35,3,1,0.778860759822917,35,3,1,0.837793579929262
"36.1",36,3,1,0.94752034860228,36,3,1,0.87028726418598,36,3,1,0.862985291845625
"37.1",37,3,1,0.919115926265784,37,3,1,0.82614871649158,37,3,1,0.835145232260785
"38.1",38,3,1,0.933450241715085,38,3,1,0.761288381856598,38,3,1,0.861844289700072
"39.1",39,3,1,0.937579962624619,39,3,1,0.843269326348647,39,3,1,0.826303430360445
"40.1",40,3,1,0.889657796984928,40,3,1,0.802753785179904,40,3,1,0.8026151636411
"41.1",41,3,1,0.930791488270727,41,3,1,0.806767051120955,41,3,1,0.84635838089707
"42.1",42,3,1,0.94664016562294,42,3,1,0.877230777965847,42,3,1,0.845486880248794
"44.1",44,3,1,0.954063632020009,44,3,1,0.911547350486612,44,3,1,0.87139325481311
"45.1",45,3,1,0.91156742521864,45,3,1,0.809160504185398,45,3,1,0.823410248643492
"46.1",46,3,1,0.930169014048583,46,3,1,0.800141518366708,46,3,1,0.878586069167602
"47.1",47,3,1,0.913263783098299,47,3,1,0.794250241649198,47,3,1,0.799029865788106
"48.1",48,3,1,0.896015160973589,48,3,1,0.786552129375207,48,3,1,0.846571474313907
"49.1",49,3,1,0.927127278429188,49,3,1,0.765090206645188,49,3,1,0.896825533881051
"50.1",50,3,1,0.950252330320427,50,3,1,0.886071854248588,50,3,1,0.865677742400287
"51.1",51,3,1,0.925343484762565,51,3,1,0.815126423518855,51,3,1,0.849578220453195
"53.1",53,3,1,0.946437923190962,53,3,1,0.795116560678742,53,3,1,0.869092499560261
"54.1",54,3,1,0.928051459932213,54,3,1,0.809663927407299,54,3,1,0.738944988903064
"55.1",55,3,1,0.934567392041866,55,3,1,0.847342864758833,55,3,1,0.850850678260595
"56.1",56,3,1,0.89137292137688,56,3,1,0.70733755097535,56,3,1,0.857153433209179
"66.1",66,3,1,0.911672404156047,66,3,1,0.794241633226931,66,3,1,0.969796653892221
"72.1",72,3,1,0.997947437292044,72,3,1,0.636058243991895,72,3,1,0.73486568126613
"78.1",78,3,1,0.785244911682703,78,3,1,0.695900737805577,78,3,1,0.927811197516408
"1.2",1,3,2,0.808948489037613,1,3,2,0.759677811603658,1,3,2,0.754446967738968
"2.2",2,3,2,0.959441795504534,2,3,2,0.816005417864887,2,3,2,0.937937406372562
"4.2",4,3,2,0.854648133279302,4,3,2,0.698358661202358,4,3,2,0.796708196377996
"5.2",5,3,2,0.899852212129421,5,3,2,0.803324270463363,5,3,2,0.749683752161223
"6.2",6,3,2,0.931485260415199,6,3,2,0.795801255034784,6,3,2,0.835958742482924
"8.2",8,3,2,0.890770599195557,8,3,2,0.724183614978847,8,3,2,0.81818225503442
"9.2",9,3,2,0.896981758035091,9,3,2,0.864461503104984,9,3,2,0.803998674101187
"10.2",10,3,2,0.907338753181268,10,3,2,0.824987995819054,10,3,2,0.844203389948177
"11.2",11,3,2,0.945800019981196,11,3,2,0.800231804101839,11,3,2,0.806932926637264
"12.2",12,3,2,0.808939439145859,12,3,2,0.706302816595578,12,3,2,0.811891874246477
"13.2",13,3,2,0.802984257460815,13,3,2,0.711519802394111,13,3,2,0.801630730056592
"15.2",15,3,2,0.913602119269764,15,3,2,0.836350440718589,15,3,2,0.860123838254631
"16.2",16,3,2,0.868751087820361,16,3,2,0.680133313804538,16,3,2,0.750724295265706
"17.2",17,3,2,0.904481920173972,17,3,2,0.839513360918002,17,3,2,0.751225097877079
"18.2",18,3,2,0.852780637002189,18,3,2,0.760727055503832,18,3,2,0.765306032296587
"19.2",19,3,2,0.854902769752585,19,3,2,0.720718044933107,19,3,2,0.840877128320179
"20.2",20,3,2,0.786559039834411,20,3,2,0.648679420725718,20,3,2,0.784634217302769
"21.2",21,3,2,0.91315086619005,21,3,2,0.737510753716383,21,3,2,0.761745326335508
"22.2",22,3,2,0.837010361395471,22,3,2,0.73283721236904,22,3,2,0.744532786723602
"23.2",23,3,2,0.830520931185176,23,3,2,0.911296289291062,23,3,2,0.910767715285775
"24.2",24,3,2,0.918965082862474,24,3,2,0.855815095199959,24,3,2,0.84560122978089
"25.2",25,3,2,0.890914323878586,25,3,2,0.877174206187847,25,3,2,0.841324834647095
"26.2",26,3,2,0.872045815094371,26,3,2,0.80647925101875,26,3,2,0.756623350373843
"27.2",27,3,2,0.858426598028652,27,3,2,0.639035169247955,27,3,2,0.859116054214426
"28.2",28,3,2,0.786282590415146,28,3,2,0.756560939485775,28,3,2,0.742280448279062
"29.2",29,3,2,0.888916088163441,29,3,2,0.720729404055942,29,3,2,0.756098679327749
"30.2",30,3,2,1,30,3,2,0.68264426157124,30,3,2,0.857142064349556
"31.2",31,3,2,0.772057737281012,31,3,2,0.754447545143175,31,3,2,0.835019274490338
"32.2",32,3,2,0.921737239152502,32,3,2,0.722108853953025,32,3,2,0.811346653115872
"33.2",33,3,2,0.79093930059828,33,3,2,0.736525004017043,33,3,2,0.897590661689126
"34.2",34,3,2,0.884508363695522,34,3,2,0.832991931208872,34,3,2,0.798821438370233
"35.2",35,3,2,0.87416401753649,35,3,2,0.650108535417721,35,3,2,0.811168453384451
"36.2",36,3,2,0.905403761353904,36,3,2,0.865730970441344,36,3,2,0.838885203838479
"37.2",37,3,2,0.8409881321577,37,3,2,0.810298874944786,37,3,2,0.790730149687783
"38.2",38,3,2,0.755603173396142,38,3,2,0.580713428456577,38,3,2,0.841059408068058
"39.2",39,3,2,0.902224813771409,39,3,2,0.756929166930615,39,3,2,0.77547633229881
"40.2",40,3,2,0.774116539406333,40,3,2,0.737277127352473,40,3,2,0.786428261435402
"41.2",41,3,2,0.883921855137233,41,3,2,0.658103157674696,41,3,2,0.765895639954432
"42.2",42,3,2,0.895230963303025,42,3,2,0.846449506539345,42,3,2,0.760592765734666
"44.2",44,3,2,0.869588760938538,44,3,2,0.775662514007203,44,3,2,0.855759956122995
"45.2",45,3,2,0.825569051941635,45,3,2,0.793203031372219,45,3,2,0.740259628567263
"46.2",46,3,2,0.767350681714756,46,3,2,0.696082911995937,46,3,2,0.953910559298445
"47.2",47,3,2,0.852190520807151,47,3,2,0.797239510353333,47,3,2,0.792097377479966
"48.2",48,3,2,0.842434442320311,48,3,2,0.74150404539296,48,3,2,0.829127247871324
"49.2",49,3,2,0.791258423955542,49,3,2,0.509686621533527,49,3,2,0.814826801934827
"50.2",50,3,2,0.780083071760434,50,3,2,0.749701189618736,50,3,2,0.957356877367063
"51.2",51,3,2,0.873913106474134,51,3,2,0.784022367281169,51,3,2,0.780229755886759
"53.2",53,3,2,0.90514751422696,53,3,2,0.746523119160621,53,3,2,0.801747415693771
"54.2",54,3,2,0.921330373348297,54,3,2,0.715231546835,54,3,2,0.689130437956891
"55.2",55,3,2,0.859399502704684,55,3,2,0.806159062588384,55,3,2,0.732691208323722
"56.2",56,3,2,0.90156932452943,56,3,2,0.886577316807151,56,3,2,0.873362715280714
"66.2",66,3,2,0.969078852502945,66,3,2,0.78876861757019,66,3,2,0.861174348775892
"72.2",72,3,2,1,72,3,2,0.666926009935678,72,3,2,0.489872654042029
"78.2",78,3,2,0.71623522471912,78,3,2,0.687595814813366,78,3,2,0.815119125508871
"1.3",1,3,3,0.781557762943736,1,3,3,0.56650657591593,1,3,3,0.845023628188487
"2.3",2,3,3,0.799568065912335,2,3,3,0.432476709408415,2,3,3,0.883781213483185
"4.3",4,3,3,0.737562833028419,4,3,3,0.659461331347867,4,3,3,0.75599139601671
"5.3",5,3,3,0.666848066636726,5,3,3,0.478614009217631,5,3,3,0.738028781363612
"6.3",6,3,3,0.778020137367303,6,3,3,0.641694722550683,6,3,3,0.719678137998818
"8.3",8,3,3,0.687324588533067,8,3,3,0.585231267553695,8,3,3,0.765758000967667
"9.3",9,3,3,0.76313224306715,9,3,3,0.668100463851158,9,3,3,0.735237135171128
"10.3",10,3,3,0.629266468835766,10,3,3,0.613908402888116,10,3,3,0.728135463237529
"11.3",11,3,3,0.844610454533644,11,3,3,0.638091950515776,11,3,3,0.893004270632543
"12.3",12,3,3,0.70972722870135,12,3,3,0.575377215403438,12,3,3,0.746637166963515
"13.3",13,3,3,0.580956646213021,13,3,3,0.433505643544668,13,3,3,0.677978156494911
"15.3",15,3,3,0.916064492972043,15,3,3,0.802021394726909,15,3,3,0.806841980568493
"16.3",16,3,3,0.57006085519143,16,3,3,0.580766665956884,16,3,3,0.778766751977936
"17.3",17,3,3,0.695468280708243,17,3,3,0.71286475190542,17,3,3,0.699139521058118
"18.3",18,3,3,0.624864526663526,18,3,3,0.647031359939165,18,3,3,0.78394963497548
"19.3",19,3,3,0.747157125718077,19,3,3,0.668187768179137,19,3,3,0.739165956684071
"20.3",20,3,3,0.583406858145397,20,3,3,0.499170017020418,20,3,3,0.794054148702176
"21.3",21,3,3,0.87465875085699,21,3,3,0.707259351743883,21,3,3,0.848695515860204
"22.3",22,3,3,0.676736920626447,22,3,3,0.619175971373629,22,3,3,0.821227932847094
"23.3",23,3,3,0.811829800883661,23,3,3,0.835804359140757,23,3,3,0.890471992802515
"24.3",24,3,3,0.60781135528291,24,3,3,0.622937587508791,24,3,3,0.768121141830054
"25.3",25,3,3,0.862853613985562,25,3,3,0.76997143626326,25,3,3,0.705366811378075
"26.3",26,3,3,0.830319519317905,26,3,3,0.759112816466138,26,3,3,0.822941845864545
"27.3",27,3,3,0.614406561245956,27,3,3,0.469545018294317,27,3,3,0.743755842017854
"28.3",28,3,3,0.626867931329672,28,3,3,0.573953002131789,28,3,3,0.903720413242088
"29.3",29,3,3,0.689381732262241,29,3,3,0.621949201569377,29,3,3,0.785007869407663
"30.3",30,3,3,0.7845313418485,30,3,3,0.631733464778078,30,3,3,0.830844131195752
"31.3",31,3,3,0.593718124533589,31,3,3,0.57778499812221,31,3,3,0.740331873469726
"32.3",32,3,3,0.66218771871496,32,3,3,0.508255880927742,32,3,3,0.7430374181348
"33.3",33,3,3,0.902440197752839,33,3,3,0.839481861182542,33,3,3,0.856300742279518
"34.3",34,3,3,0.708528783427567,34,3,3,0.674181449518815,34,3,3,0.687944819730698
"35.3",35,3,3,0.857264226981978,35,3,3,0.657523807632499,35,3,3,0.73638085155504
"36.3",36,3,3,0.772648462176315,36,3,3,0.695192443774778,36,3,3,0.727836786423929
"37.3",37,3,3,0.449359609386486,37,3,3,0.468389716102112,37,3,3,0.7352426407468
"38.3",38,3,3,0.868877612399487,38,3,3,0.539920163969404,38,3,3,0.764706889893263
"39.3",39,3,3,0.896533883824443,39,3,3,0.779815405099582,39,3,3,0.818284350394649
"40.3",40,3,3,0.504843731559198,40,3,3,0.513371632823562,40,3,3,0.812506503981855
"41.3",41,3,3,0.72328152240144,41,3,3,0.65795027303877,41,3,3,0.766186694114267
"42.3",42,3,3,0.801799579493468,42,3,3,0.720137679824368,42,3,3,0.77194811609572
"44.3",44,3,3,0.783087409129318,44,3,3,0.742083923051929,44,3,3,0.699008369343873
"45.3",45,3,3,0.615449873383791,45,3,3,0.513625093892757,45,3,3,0.859631682303898
"46.3",46,3,3,0.681442524570539,46,3,3,0.590705713588891,46,3,3,0.88534476679447
"47.3",47,3,3,0.593264244115619,47,3,3,0.480986297649936,47,3,3,0.848348816771057
"48.3",48,3,3,0.595534673780104,48,3,3,0.537848325804132,48,3,3,0.767347820376541
"49.3",49,3,3,0.659558561807604,49,3,3,0.549871824497013,49,3,3,0.811465768819585
"50.3",50,3,3,0.887541747958275,50,3,3,0.726814547148866,50,3,3,0.950274411142193
"51.3",51,3,3,0.568964020678596,51,3,3,0.500818121304338,51,3,3,0.778665003017317
"53.3",53,3,3,0.64619386804638,53,3,3,0.560361137084148,53,3,3,0.76433850733601
"54.3",54,3,3,0.804133863886897,54,3,3,0.69880126238334,54,3,3,0.708189054859187
"55.3",55,3,3,0.636642425624942,55,3,3,0.625324575860353,55,3,3,0.780207744760327
"56.3",56,3,3,0.625277713378326,56,3,3,0.548178335093456,56,3,3,0.800664345029597
"66.3",66,3,3,0.844766149503183,66,3,3,0.822644734015949,66,3,3,0.832942225497374
"72.3",72,3,3,0.926211899113133,72,3,3,0.831498456311254,72,3,3,0.656344389450059
"78.3",78,3,3,0.583195474749806,78,3,3,0.532520760944765,78,3,3,0.730211040608722
"1.4",1,3,4,0.852399185367729,1,3,4,0.727745725595859,1,3,4,0.735782601500909
"2.4",2,3,4,0.84428085544584,2,3,4,0.633088152115671,2,3,4,0.830424542548668
"4.4",4,3,4,0.887666107289229,4,3,4,0.608743621098404,4,3,4,0.806499277926515
"5.4",5,3,4,0.89674754832305,5,3,4,0.666950838003751,5,3,4,0.713348069272349
"6.4",6,3,4,0.95318360215135,6,3,4,0.814782325229893,6,3,4,0.885003877837774
"8.4",8,3,4,0.938736870115659,8,3,4,0.73468710858534,8,3,4,0.826455553833572
"9.4",9,3,4,0.945318281608095,9,3,4,0.758686995636326,9,3,4,0.926682691994746
"10.4",10,3,4,0.97269785893063,10,3,4,0.763811112751485,10,3,4,0.888879742437328
"11.4",11,3,4,0.909612348764462,11,3,4,0.661195568499651,11,3,4,0.860759130360914
"12.4",12,3,4,0.842093102254904,12,3,4,0.645724909362952,12,3,4,0.868708845313721
"13.4",13,3,4,0.803917740812037,13,3,4,0.663082867947462,13,3,4,0.933347658573351
"15.4",15,3,4,0.933738763140428,15,3,4,0.882989918513247,15,3,4,0.858124499130055
"16.4",16,3,4,0.911859346701465,16,3,4,0.69319692544643,16,3,4,0.825693160396782
"17.4",17,3,4,0.912910108044597,17,3,4,0.70502722245207,17,3,4,0.924661308505723
"18.4",18,3,4,0.852392219203874,18,3,4,0.697093442112258,18,3,4,0.86858107033796
"19.4",19,3,4,0.871077817003937,19,3,4,0.662833620637131,19,3,4,0.801133401014768
"20.4",20,3,4,0.890661018281148,20,3,4,0.688069970817689,20,3,4,0.822235895316373
"21.4",21,3,4,0.963047369515412,21,3,4,0.603763838995984,21,3,4,0.790781918300253
"22.4",22,3,4,0.832639461556881,22,3,4,0.729541188484343,22,3,4,0.785076132961585
"23.4",23,3,4,0.865957228766856,23,3,4,0.704011309154883,23,3,4,0.828349737862179
"24.4",24,3,4,0.931031666811881,24,3,4,0.837290818867446,24,3,4,0.897658427856008
"25.4",25,3,4,0.908395023156643,25,3,4,0.7747468388922,25,3,4,0.907654102637973
"26.4",26,3,4,0.882505016757139,26,3,4,0.81977104685244,26,3,4,0.899750304661652
"27.4",27,3,4,0.911595184980219,27,3,4,0.579554580499107,27,3,4,0.862544478089163
"28.4",28,3,4,0.878841611225558,28,3,4,0.732587005809185,28,3,4,0.807164463498703
"29.4",29,3,4,0.861755603022699,29,3,4,0.594529658664535,29,3,4,0.749653765614154
"30.4",30,3,4,0.839681066621235,30,3,4,0.65461323012121,30,3,4,0.769128953453188
"31.4",31,3,4,0.786452427535737,31,3,4,0.589005508444397,31,3,4,0.880062828800711
"32.4",32,3,4,0.899471029094089,32,3,4,0.737205965395589,32,3,4,0.803889678488276
"33.4",33,3,4,0.925104030448261,33,3,4,0.802998449676147,33,3,4,0.863549822403403
"34.4",34,3,4,0.913484177856827,34,3,4,0.785338244882113,34,3,4,0.907191219443605
"35.4",35,3,4,0.909516494093149,35,3,4,0.596259929516421,35,3,4,0.777790281173484
"36.4",36,3,4,0.905942511478929,36,3,4,0.838947753643163,36,3,4,0.84743728187244
"37.4",37,3,4,0.825516850539379,37,3,4,0.65907827816,37,3,4,0.838203532612967
"38.4",38,3,4,0.870445136991462,38,3,4,0.598995970703324,38,3,4,0.781907421571855
"39.4",39,3,4,0.945913658657139,39,3,4,0.68673954328443,39,3,4,0.912608040941962
"40.4",40,3,4,0.914502258941225,40,3,4,0.636651588671783,40,3,4,0.801448393241572
"41.4",41,3,4,0.938974295197261,41,3,4,0.783131483147168,41,3,4,0.850235143454009
"42.4",42,3,4,0.914777591626132,42,3,4,0.730191096436465,42,3,4,0.90918117644568
"44.4",44,3,4,0.958710104923676,44,3,4,0.816346154138072,44,3,4,0.828892683462271
"45.4",45,3,4,0.821698953078493,45,3,4,0.636002890392207,45,3,4,0.883981383018188
"46.4",46,3,4,0.929120526673806,46,3,4,0.456710350711273,46,3,4,0.777849482548978
"47.4",47,3,4,0.808185571516591,47,3,4,0.747578164243964,47,3,4,0.708965589740597
"48.4",48,3,4,0.888266419640874,48,3,4,0.718758145986296,48,3,4,0.919924364080728
"49.4",49,3,4,0.802292535740001,49,3,4,0.612952370266299,49,3,4,0.874479712884589
"50.4",50,3,4,0.944067065347528,50,3,4,0.809972769521243,50,3,4,0.792871834327423
"51.4",51,3,4,0.938200601200048,51,3,4,0.753778770670439,51,3,4,0.945006743329908
"53.4",53,3,4,0.936077656529095,53,3,4,0.702293456056445,53,3,4,0.888026906105343
"54.4",54,3,4,0.912210884222762,54,3,4,0.758892191446479,54,3,4,0.807639027870345
"55.4",55,3,4,0.929899238307001,55,3,4,0.771535898321683,55,3,4,0.862369091258227
"56.4",56,3,4,0.838503286543195,56,3,4,0.66976276219986,56,3,4,0.726708809432908
"66.4",66,3,4,0.752570732631771,66,3,4,0.667112268848169,66,3,4,0.763728364854978
"72.4",72,3,4,0.991330506115564,72,3,4,0.882611757847822,72,3,4,0.729366147159861
"78.4",78,3,4,0.736985606494986,78,3,4,0.777654141060582,78,3,4,0.653744100912789
"1.5",1,3,5,0.651065402594833,1,3,5,0.693460594399744,1,3,5,0.839841014889639
"2.5",2,3,5,0.889940605118128,2,3,5,0.706821940255231,2,3,5,0.866051963140321
"4.5",4,3,5,0.847004076756713,4,3,5,0.66195227783224,4,3,5,0.755901545228643
"5.5",5,3,5,0.840982601815013,5,3,5,0.868395720938077,5,3,5,0.604454117611502
"6.5",6,3,5,0.95828965681263,6,3,5,0.752664868894194,6,3,5,0.836431848066277
"8.5",8,3,5,0.879129392085342,8,3,5,0.725501986902398,8,3,5,0.826777740685285
"9.5",9,3,5,0.957002824642408,9,3,5,0.695464486725039,9,3,5,0.85315304812964
"10.5",10,3,5,0.984613238944095,10,3,5,0.859394085169917,10,3,5,0.790842689780039
"11.5",11,3,5,0.950647460220485,11,3,5,0.637824391082108,11,3,5,0.886186420349827
"12.5",12,3,5,0.757789788878872,12,3,5,0.648912865321728,12,3,5,0.766947303348236
"13.5",13,3,5,0.856985370903808,13,3,5,0.59632776349078,13,3,5,0.779674685959124
"15.5",15,3,5,0.9121433573517,15,3,5,0.815640853168153,15,3,5,0.814787808185966
"16.5",16,3,5,0.795061418126433,16,3,5,0.618914261057105,16,3,5,0.72991949090761
"17.5",17,3,5,0.939201261462247,17,3,5,0.702286111501817,17,3,5,0.85975511997464
"18.5",18,3,5,0.876657644346147,18,3,5,0.783512007857609,18,3,5,0.768998078213668
"19.5",19,3,5,0.920805323030308,19,3,5,0.705428244970751,19,3,5,0.567247816158169
"20.5",20,3,5,0.829712300977543,20,3,5,0.707222859270755,20,3,5,0.748935766540511
"21.5",21,3,5,0.87781828170672,21,3,5,0.724753390853979,21,3,5,0.652189494926963
"22.5",22,3,5,0.795396906925421,22,3,5,0.523836808461769,22,3,5,0.879788364256758
"23.5",23,3,5,0.875850626319752,23,3,5,0.836397434097112,23,3,5,0.699852283690882
"24.5",24,3,5,0.950452226514894,24,3,5,0.827473443664115,24,3,5,0.849410321473299
"25.5",25,3,5,0.945093763895494,25,3,5,0.908987302515042,25,3,5,0.729384725830736
"26.5",26,3,5,0.85810090093442,26,3,5,0.792853674968371,26,3,5,0.70524453060219
"27.5",27,3,5,0.912197643007576,27,3,5,0.639604751518333,27,3,5,0.820835899316685
"28.5",28,3,5,0.868339371376427,28,3,5,0.661938534665247,28,3,5,0.729605078890759
"29.5",29,3,5,0.776851775707927,29,3,5,0.638014108271775,29,3,5,0.794347299879688
"30.5",30,3,5,0.856036060246552,30,3,5,0.759370213008261,30,3,5,0.661782715774569
"31.5",31,3,5,0.871030737771459,31,3,5,0.829615755559624,31,3,5,0.735844469360679
"32.5",32,3,5,0.86815020323122,32,3,5,0.585314404642869,32,3,5,0.756568943650797
"33.5",33,3,5,0.850160239428502,33,3,5,0.702256089707778,33,3,5,0.712746689233712
"34.5",34,3,5,0.926870450046275,34,3,5,0.881591540553869,34,3,5,0.6831623841615
"35.5",35,3,5,0.988051182594833,35,3,5,0.60368180635015,35,3,5,0.8862380672757
"36.5",36,3,5,0.896025875954444,36,3,5,0.845771693891167,36,3,5,0.758305202483063
"37.5",37,3,5,0.855872907454722,37,3,5,0.713707004448032,37,3,5,0.764771182896091
"38.5",38,3,5,0.832470465624603,38,3,5,0.573367735362139,38,3,5,0.741932598196344
"39.5",39,3,5,0.899744772302856,39,3,5,0.754737247513314,39,3,5,0.696517477179376
"40.5",40,3,5,0.917001723213408,40,3,5,0.745903043003056,40,3,5,0.722866503263558
"41.5",41,3,5,0.925879248642401,41,3,5,0.828074711619974,41,3,5,0.777105350985226
"42.5",42,3,5,0.976065486779869,42,3,5,0.79423446456949,42,3,5,0.859117493063013
"44.5",44,3,5,0.88908250778518,44,3,5,0.63985154833215,44,3,5,0.705275442412724
"45.5",45,3,5,0.813598567303916,45,3,5,0.675665226297344,45,3,5,0.690907447713244
"46.5",46,3,5,0.773465187525858,46,3,5,0.53478062436767,46,3,5,0.748626982716985
"47.5",47,3,5,0.854266150201861,47,3,5,0.789714663831605,47,3,5,0.664492494335011
"48.5",48,3,5,0.860102069549277,48,3,5,0.707958192061462,48,3,5,0.799982608306913
"49.5",49,3,5,0.775348713519042,49,3,5,0.719842139027728,49,3,5,0.848490709881854
"50.5",50,3,5,0.969004739085294,50,3,5,0.896325433968787,50,3,5,0.832104726825233
"51.5",51,3,5,0.884347455009091,51,3,5,0.781237271774738,51,3,5,0.799038662316674
"53.5",53,3,5,0.941794755449905,53,3,5,0.731497410556085,53,3,5,0.784237040737292
"54.5",54,3,5,0.931307805089255,54,3,5,0.800401512480453,54,3,5,0.679099708733834
"55.5",55,3,5,0.943591861713818,55,3,5,0.934721287377464,55,3,5,0.712136480118495
"56.5",56,3,5,0.795903243032501,56,3,5,0.592177118455048,56,3,5,0.706558505783107
"66.5",66,3,5,0.772405564538532,66,3,5,0.643005584366175,66,3,5,0.789234735692391
"72.5",72,3,5,1,72,3,5,1,72,3,5,1
"78.5",78,3,5,0.846632186725198,78,3,5,0.787154843739092,78,3,5,0.618229863891529
"1.11",1,1,6,0.85086858642739,1,1,6,0.728978418967144,1,1,6,0.783116546096149
"2.11",2,1,6,0.874756426489976,2,1,6,0.59854084172656,2,1,6,0.869399787994491
"4.11",4,1,6,0.865524523073413,4,1,6,0.675215965470508,4,1,6,0.822178353820098
"5.11",5,1,6,0.87481170151049,5,1,6,0.766729376177179,5,1,6,0.766086578480075
"6.11",6,1,6,0.874427114914988,6,1,6,0.70510970633062,6,1,6,0.836829747198311
"8.11",8,1,6,0.87647273074299,8,1,6,0.675346109315162,8,1,6,0.857616257037968
"9.11",9,1,6,0.918336424785664,9,1,6,0.805379066768268,9,1,6,0.856906942796407
"10.11",10,1,6,0.905885859680006,10,1,6,0.778808613476275,10,1,6,0.845345439378467
"11.11",11,1,6,0.935646493870957,11,1,6,0.704738732108838,11,1,6,0.908246956735537
"12.11",12,1,6,0.819519193899604,12,1,6,0.665002110081466,12,1,6,0.813921551540518
"13.11",13,1,6,0.809333848391977,13,1,6,0.672188333005118,13,1,6,0.815248018663673
"15.11",15,1,6,0.923401096076745,15,1,6,0.806193157839113,15,1,6,0.850181276474494
"16.11",16,1,6,0.841975898840439,16,1,6,0.650455038322479,16,1,6,0.846494651573706
"17.11",17,1,6,0.893254570649058,17,1,6,0.750546666636472,17,1,6,0.827968450710244
"18.11",18,1,6,0.865947560788035,18,1,6,0.757336526649687,18,1,6,0.824075124591024
"19.11",19,1,6,0.924941224473196,19,1,6,0.777695459841107,19,1,6,0.872574724246243
"20.11",20,1,6,0.860143059253296,20,1,6,0.717133058732916,20,1,6,0.848242843852013
"21.11",21,1,6,0.926046553184806,21,1,6,0.733917572965453,21,1,6,0.786476808761853
"22.11",22,1,6,0.84152757625087,22,1,6,0.691123446728839,22,1,6,0.793844516572134
"23.11",23,1,6,0.89853456901972,23,1,6,0.835247579679854,23,1,6,0.832500061964408
"24.11",24,1,6,0.898811140813469,24,1,6,0.800183241598341,24,1,6,0.860144877201713
"25.11",25,1,6,0.928610416962776,25,1,6,0.839748238544764,25,1,6,0.857920930982911
"26.11",26,1,6,0.904669355594792,26,1,6,0.808064516186758,26,1,6,0.831072696046204
"27.11",27,1,6,0.922744776108762,27,1,6,0.650693858840749,27,1,6,0.869421139147416
"28.11",28,1,6,0.80691479099227,28,1,6,0.703411644719945,28,1,6,0.793353844737139
"29.11",29,1,6,0.878121349293939,29,1,6,0.710084523362543,29,1,6,0.814991236663442
"30.11",30,1,6,0.890950041976771,30,1,6,0.666101369671227,30,1,6,0.847558916132262
"31.11",31,1,6,0.871825609605527,31,1,6,0.755325301413932,31,1,6,0.861795929946362
"32.11",32,1,6,0.844362406939723,32,1,6,0.641436057419553,32,1,6,0.795577953781303
"33.11",33,1,6,0.92627602790562,33,1,6,0.838997949224433,33,1,6,0.854671343442158
"34.11",34,1,6,0.874578079514754,34,1,6,0.781236054778283,34,1,6,0.832145882772443
"35.11",35,1,6,0.885513229643569,35,1,6,0.630038225726896,35,1,6,0.804109192259218
"36.11",36,1,6,0.88490135157945,36,1,6,0.797071763500022,36,1,6,0.840738806113239
"37.11",37,1,6,0.83756465531758,37,1,6,0.720501432614888,37,1,6,0.826064195546526
"38.11",38,1,6,0.894660275244219,38,1,6,0.65097845145728,38,1,6,0.858249826390333
"39.11",39,1,6,0.911075639316641,39,1,6,0.777970511055808,39,1,6,0.825782654725761
"40.11",40,1,6,0.831803536239135,40,1,6,0.697817154653587,40,1,6,0.803241631801475
"41.11",41,1,6,0.89241845323902,41,1,6,0.729922242509984,41,1,6,0.836184294694789
"42.11",42,1,6,0.911355109544428,42,1,6,0.807975786381562,42,1,6,0.835342641678385
"44.11",44,1,6,0.900380906351859,44,1,6,0.82828585964241,44,1,6,0.84914884302743
"45.11",45,1,6,0.851753067569437,45,1,6,0.731359865460913,45,1,6,0.809656295725123
"46.11",46,1,6,0.904858611625817,46,1,6,0.698449359013314,46,1,6,0.878825269990911
"47.11",47,1,6,0.866958553879808,47,1,6,0.720033223052101,47,1,6,0.808285777791025
"48.11",48,1,6,0.789369756224344,48,1,6,0.639809262979158,48,1,6,0.839182718880581
"49.11",49,1,6,0.880517522383586,49,1,6,0.664318310452262,49,1,6,0.888222188724763
"50.11",50,1,6,0.926636835563713,50,1,6,0.840591122156911,50,1,6,0.859978030462588
"51.11",51,1,6,0.868716442012444,51,1,6,0.726637712824819,51,1,6,0.845913695830166
"53.11",53,1,6,0.899571755944576,53,1,6,0.693746902122567,53,1,6,0.857256532461465
"54.11",54,1,6,0.912526086172622,54,1,6,0.743225206926516,54,1,6,0.738458904327072
"55.11",55,1,6,0.895042294164761,55,1,6,0.757840761808515,55,1,6,0.83541260232449
"56.11",56,1,6,0.863694877022153,56,1,6,0.637576237194227,56,1,6,0.846180103923328
"66.11",66,1,6,0.743868294350501,66,1,6,0.671716445731519,66,1,6,0.781824185524922
"72.11",72,1,6,0.892171312810655,72,1,6,0.796933768859998,72,1,6,0.709624975887474
"78.11",78,1,6,0.644502870810945,78,1,6,0.595518026923431,78,1,6,0.809005583190344
"1.21",1,2,6,0.890352548592516,1,2,6,0.839550235541495,1,2,6,0.765432190365304
"2.21",2,2,6,0.913745030189284,2,2,6,0.766966698673847,2,2,6,0.853092489229481
"4.21",4,2,6,0.884620463553156,4,2,6,0.789428929147273,4,2,6,0.806816079474547
"5.21",5,2,6,0.916723172043437,5,2,6,0.837670561063478,5,2,6,0.723678013776517
"6.21",6,2,6,0.909097719240127,6,2,6,0.813170144465317,6,2,6,0.806766652573511
"8.21",8,2,6,0.91109179875959,8,2,6,0.81164820308785,8,2,6,0.853111756456313
"9.21",9,2,6,0.943480159333064,9,2,6,0.894772077673738,9,2,6,0.855823824498773
"10.21",10,2,6,0.922256990872592,10,2,6,0.880352097684256,10,2,6,0.827149817415305
"11.21",11,2,6,0.957032756078771,11,2,6,0.796051541930264,11,2,6,0.864285745768241
"12.21",12,2,6,0.852733239801893,12,2,6,0.770693169564069,12,2,6,0.796766287869083
"13.21",13,2,6,0.849149328025131,13,2,6,0.777886307857972,13,2,6,0.803309618622355
"15.21",15,2,6,0.936481060447581,15,2,6,0.888514238242244,15,2,6,0.854660027183428
"16.21",16,2,6,0.847724844746907,16,2,6,0.794540275118823,16,2,6,0.836116174452163
"17.21",17,2,6,0.925474946116451,17,2,6,0.888135962288437,17,2,6,0.81182814662887
"18.21",18,2,6,0.911250457546791,18,2,6,0.874034791421156,18,2,6,0.806974716916397
"19.21",19,2,6,0.945418818988106,19,2,6,0.887957993304304,19,2,6,0.849290557602288
"20.21",20,2,6,0.882417247905683,20,2,6,0.833337952522238,20,2,6,0.84404055690372
"21.21",21,2,6,0.959228067999655,21,2,6,0.855199098730484,21,2,6,0.764760080840719
"22.21",22,2,6,0.884667266418151,22,2,6,0.81177762832836,22,2,6,0.769161605233079
"23.21",23,2,6,0.92658357768047,23,2,6,0.923959022462203,23,2,6,0.839923297410352
"24.21",24,2,6,0.931666087430779,24,2,6,0.891250989901682,24,2,6,0.851799574267717
"25.21",25,2,6,0.956042160356357,25,2,6,0.934162471577685,25,2,6,0.860764211348048
"26.21",26,2,6,0.930716630551413,26,2,6,0.893694726371141,26,2,6,0.809006353579176
"27.21",27,2,6,0.948856761444627,27,2,6,0.801478291024431,27,2,6,0.876535095965326
"28.21",28,2,6,0.859391920186419,28,2,6,0.838358190564747,28,2,6,0.745271068255337
"29.21",29,2,6,0.899170206573396,29,2,6,0.845107076645896,29,2,6,0.805364464503607
"30.21",30,2,6,0.9089329939909,30,2,6,0.805970449662666,30,2,6,0.840829927935426
"31.21",31,2,6,0.884593323853828,31,2,6,0.862032761519482,31,2,6,0.844871219691362
"32.21",32,2,6,0.864365459788707,32,2,6,0.743317497893584,32,2,6,0.785612706425821
"33.21",33,2,6,0.938376928125037,33,2,6,0.916473089295949,33,2,6,0.863990266784502
"34.21",34,2,6,0.909361957361691,34,2,6,0.86116786667264,34,2,6,0.817418737901624
"35.21",35,2,6,0.918154599217913,35,2,6,0.769416278505652,35,2,6,0.763453195691476
"36.21",36,2,6,0.923192398438888,36,2,6,0.867345233453894,36,2,6,0.821907517141672
"37.21",37,2,6,0.885006524672478,37,2,6,0.849157708224504,37,2,6,0.808788653179526
"38.21",38,2,6,0.95094225690162,38,2,6,0.830380405762664,38,2,6,0.845065491046181
"39.21",39,2,6,0.950736287321754,39,2,6,0.872105022326445,39,2,6,0.814659911292944
"40.21",40,2,6,0.871496356293736,40,2,6,0.805380209397473,40,2,6,0.794057844721063
"41.21",41,2,6,0.923773716094114,41,2,6,0.838755330064393,41,2,6,0.835797022513871
"42.21",42,2,6,0.951306314057264,42,2,6,0.90446231120308,42,2,6,0.833288306079287
"44.21",44,2,6,0.946189752311559,44,2,6,0.911624740903428,44,2,6,0.838560061989077
"45.21",45,2,6,0.885422141775382,45,2,6,0.832673494760636,45,2,6,0.790766079454394
"46.21",46,2,6,0.930866116110571,46,2,6,0.821588615380186,46,2,6,0.860657098705881
"47.21",47,2,6,0.905353711808588,47,2,6,0.835554884551487,47,2,6,0.784243715224894
"48.21",48,2,6,0.776620679677628,48,2,6,0.736670216861952,48,2,6,0.795450942943691
"49.21",49,2,6,0.888444878297536,49,2,6,0.790270799342501,49,2,6,0.877905416287296
"50.21",50,2,6,0.967328670246445,50,2,6,0.918334239322206,50,2,6,0.870477577902652
"51.21",51,2,6,0.903355254863453,51,2,6,0.829296296937092,51,2,6,0.828282643480391
"53.21",53,2,6,0.925475375138395,53,2,6,0.818739769674768,53,2,6,0.855439213413628
"54.21",54,2,6,0.940386479532297,54,2,6,0.86419713615709,54,2,6,0.736319673319927
"55.21",55,2,6,0.930314867764733,55,2,6,0.897389863149902,55,2,6,0.845294045436435
"56.21",56,2,6,0.862926390933436,56,2,6,0.742620026293546,56,2,6,0.840671778730276
"66.21",66,2,6,0.797679313858829,66,2,6,0.68937172122278,66,2,6,0.781898082586184
"72.21",72,2,6,0.955658614012133,72,2,6,0.859355457939827,72,2,6,0.609936237904288
"78.21",78,2,6,0.75658025303406,78,2,6,0.735148699255099,78,2,6,0.786633104004222
