"","fips","sex","x.race.g1","x.michd","fips","sex","x.race.g1","cvdinfr4","fips","sex","x.race.g1","cvdstrk3","fips","sex","x.race.g1","cvdcrhd4"
"1.1.1",1,1,1,0.130709307657334,1,1,1,0.0964459775503852,1,1,1,0.0598260790117882,1,1,1,0.12633089428207
"2.1.1",1,1,2,0.0732062968421075,2,1,1,0.0364355782111983,2,1,1,0.0216921900631015,2,1,1,0.0955861230957899
"3.1.1",1,1,3,0.026786639118893,4,1,1,0.0737958175683289,4,1,1,0.0613310800219264,4,1,1,0.088003505200734
"4.1.1",1,1,4,0.113186851027322,5,1,1,0.0917969791072509,5,1,1,0.0613460769534011,5,1,1,0.135894452577463
"5.1.1",1,1,5,0.067622559752366,6,1,1,0.0582108792239275,6,1,1,0.0417178968201574,6,1,1,0.0681616827140018
"1.2.1",2,1,1,0.0605408494705378,8,1,1,0.0492088237009027,8,1,1,0.0315721737717557,8,1,1,0.061352599395198
"2.2.1",2,1,2,0.018882867644917,9,1,1,0.0602097242337487,9,1,1,0.0414679941888609,9,1,1,0.0720049824321437
"3.2.1",2,1,3,0.0124386867122643,10,1,1,0.0773995779785363,10,1,1,0.044403027533315,10,1,1,0.091169904182506
"4.2.1",2,1,4,0.0372768324039633,11,1,1,0.0147821845985052,11,1,1,0.0364404807541486,11,1,1,0.0479438039562628
"5.2.1",2,1,5,0.0302881012031708,12,1,1,0.0998177362574796,12,1,1,0.0673454391499058,12,1,1,0.0993139255652422
"1.4.1",4,1,1,0.103098285539929,13,1,1,0.073144474628288,13,1,1,0.0549410641400484,13,1,1,0.0963111664057267
"2.4.1",4,1,2,0.0559496550775893,15,1,1,0.0572322049035398,15,1,1,0.0376284203192051,15,1,1,0.064789068251434
"3.4.1",4,1,3,0.0636056373270792,16,1,1,0.053756551009375,16,1,1,0.0595970148789584,16,1,1,0.0653791462202678
"4.4.1",4,1,4,0.0338348758338754,17,1,1,0.0622093615081508,17,1,1,0.0369615749704355,17,1,1,0.0687106360044328
"5.4.1",4,1,5,0.187820493925546,18,1,1,0.0752632807583709,18,1,1,0.0472900127010202,18,1,1,0.0783583671462589
"1.5.1",5,1,1,0.123584129808706,19,1,1,0.0662194333714444,19,1,1,0.0429218374590693,19,1,1,0.0809465117107669
"2.5.1",5,1,2,0.0577922812742633,20,1,1,0.0751216355397975,20,1,1,0.0527251702419139,20,1,1,0.0829596110043074
"3.5.1",5,1,3,0.00963680945952391,21,1,1,0.103626592561318,21,1,1,0.0631032962031692,21,1,1,0.118086562668368
"4.5.1",5,1,4,0.071089589020301,22,1,1,0.09866461333553,22,1,1,0.0441225479156918,22,1,1,0.0886919215416349
"5.5.1",5,1,5,0.312176887880343,23,1,1,0.0822994153802119,23,1,1,0.0409219976202244,23,1,1,0.0869184737418235
"1.6.1",6,1,1,0.0742935862174602,24,1,1,0.0606266841994424,24,1,1,0.0536516094106492,24,1,1,0.0806786797296419
"2.6.1",6,1,2,0.0566215223921958,25,1,1,0.068193751029414,25,1,1,0.0382149102204767,25,1,1,0.0753173516531473
"3.6.1",6,1,3,0.0422948964154206,26,1,1,0.0783573964212447,26,1,1,0.0549787254012611,26,1,1,0.097893875733889
"4.6.1",6,1,4,0.0570682517031051,27,1,1,0.0592832177364539,27,1,1,0.0352806419937401,27,1,1,0.0622389070990857
"5.6.1",6,1,5,0.0346170324080419,28,1,1,0.0931613723119332,28,1,1,0.0438088321472248,28,1,1,0.0942557252833991
"1.8.1",8,1,1,0.0655914079046135,29,1,1,0.0765825044733407,29,1,1,0.0628355495606064,29,1,1,0.0904133413239222
"2.8.1",8,1,2,0.0283949988275644,30,1,1,0.060957390943766,30,1,1,0.0341712704792229,30,1,1,0.0913472228390679
"3.8.1",8,1,3,0.0561017109587129,31,1,1,0.0601937981007087,31,1,1,0.0352358639192782,31,1,1,0.0635564286145207
"4.8.1",8,1,4,0.0357129745782042,32,1,1,0.0737623470376999,32,1,1,0.051683288308526,32,1,1,0.0793175242516926
"5.8.1",8,1,5,0.0670962340074148,33,1,1,0.0681206324012706,33,1,1,0.0450419807820098,33,1,1,0.0889216164026723
"1.9.1",9,1,1,0.0815361747217396,34,1,1,0.0628934661543617,34,1,1,0.0287699292708493,34,1,1,0.0641160262438536
"2.9.1",9,1,2,0.0430006027913216,35,1,1,0.0759133317464469,35,1,1,0.0343355590645266,35,1,1,0.0627478026677267
"3.9.1",9,1,3,0.0664590303373503,36,1,1,0.0551915184462956,36,1,1,0.0429767444980526,36,1,1,0.0656855477857441
"4.9.1",9,1,4,0.0395536714277491,37,1,1,0.0748083846804485,37,1,1,0.0464358629087594,37,1,1,0.0837117415336213
"5.9.1",9,1,5,0.0644264194518638,38,1,1,0.0538782002535288,38,1,1,0.0396474289592446,38,1,1,0.0754542804693505
"1.10.1",10,1,1,0.103283428762506,39,1,1,0.0814659849490453,39,1,1,0.0501678862320872,39,1,1,0.105210830816808
"2.10.1",10,1,2,0.039588196337145,40,1,1,0.0786200337345317,40,1,1,0.0783923616579761,40,1,1,0.117605679388858
"3.10.1",10,1,3,0.0270311606876788,41,1,1,0.0688656471269407,41,1,1,0.0674403921786244,41,1,1,0.0747841390683787
"4.10.1",10,1,4,0.0733049055557917,42,1,1,0.0676328260920783,42,1,1,0.0543959800357471,42,1,1,0.0728110090104089
"5.10.1",10,1,5,0.118682227783221,44,1,1,0.0807828519812445,44,1,1,0.0413037158733871,44,1,1,0.0719246310550956
"1.11.1",11,1,1,0.032849341860483,45,1,1,0.0752674978152657,45,1,1,0.0607542131329499,45,1,1,0.122854780431333
"2.11.1",11,1,2,0.0688944135367037,46,1,1,0.0707261029225397,46,1,1,0.0216205327912312,46,1,1,0.0938238507798984
"3.11.1",11,1,3,0.00833008867605788,47,1,1,0.0858247413344485,47,1,1,0.0620394176810966,47,1,1,0.100408264232775
"4.11.1",11,1,4,0.0127611976319872,48,1,1,0.0594730360262046,48,1,1,0.0568956625944182,48,1,1,0.0684321140746512
"5.11.1",11,1,5,0,49,1,1,0.0484717091104667,49,1,1,0.0327636216316205,49,1,1,0.0471273564073384
"1.12.1",12,1,1,0.118935825013784,50,1,1,0.0618420851731919,50,1,1,0.0430820587158826,50,1,1,0.0711494594832899
"2.12.1",12,1,2,0.0724176281280972,51,1,1,0.0633048011361691,51,1,1,0.0399459690096306,51,1,1,0.0850739638948231
"3.12.1",12,1,3,0.056744367258588,53,1,1,0.0572087089088582,53,1,1,0.0595053309469925,53,1,1,0.0813690568755475
"4.12.1",12,1,4,0.0971193003364219,54,1,1,0.0956572264007485,54,1,1,0.0677288129920334,54,1,1,0.133749522939761
"5.12.1",12,1,5,0.0460811898857036,55,1,1,0.0584981228553528,55,1,1,0.0433039692733162,55,1,1,0.0938238425340733
"1.13.1",13,1,1,0.0966477675748906,56,1,1,0.0565484363071791,56,1,1,0.0297160977977352,56,1,1,0.0633957775826372
"2.13.1",13,1,2,0.0572115649014479,66,1,1,0.00395383477193465,66,1,1,0.00351314005019936,66,1,1,0.0811484016835638
"3.13.1",13,1,3,0.0584718698233721,72,1,1,0.111392007109871,72,1,1,0,72,1,1,0.243364145847507
"4.13.1",13,1,4,0.00251275363233989,78,1,1,0.165123583152031,78,1,1,0.00241704680728888,78,1,1,0.127536063282393
"5.13.1",13,1,5,0.192422032469593,1,1,2,0.0528808268264688,1,1,2,0.052025398984717,1,1,2,0.0542603858232326
"1.15.1",15,1,1,0.0857069824343917,2,1,2,0.018882867644917,2,1,2,0.018882867644917,2,1,2,0
"2.15.1",15,1,2,0.0338408013568894,4,1,2,0.0450542329014658,4,1,2,0.0512940992998872,4,1,2,0.0338740038300216
"3.15.1",15,1,3,0.0420067590988678,5,1,2,0.0262206171423403,5,1,2,0.0549213339354159,5,1,2,0.0545227538445667
"4.15.1",15,1,4,0.0652164690100344,6,1,2,0.0442817041239534,6,1,2,0.026520773154148,6,1,2,0.0655584211037254
"5.15.1",15,1,5,0.0698604735954769,8,1,2,0.0273268238915846,8,1,2,0.0264636427995243,8,1,2,0.0228813431345745
"1.16.1",16,1,1,0.0762885833499069,9,1,2,0.0332468741623408,9,1,2,0.0194321502162254,9,1,2,0.0982285906461864
"2.16.1",16,1,2,0.0920432952033536,10,1,2,0.039588196337145,10,1,2,0.0244164222295279,10,1,2,0.0158688536634272
"3.16.1",16,1,3,0.0221388055391977,11,1,2,0.0613274118270632,11,1,2,0.0710224379504147,11,1,2,0.0553867956036383
"4.16.1",16,1,4,0.0867757528750729,12,1,2,0.0615132799918989,12,1,2,0.0483961323441029,12,1,2,0.0384383735774862
"5.16.1",16,1,5,0.0327041280137151,13,1,2,0.0447964619636837,13,1,2,0.0504205706224854,13,1,2,0.0540962070793629
"1.17.1",17,1,1,0.0846133482437468,15,1,2,0,15,1,2,0,15,1,2,0.0338408013568894
"2.17.1",17,1,2,0.0480651881260036,16,1,2,0.0920432952033536,16,1,2,0.0920432952033536,16,1,2,0.0920432952033536
"3.17.1",17,1,3,0.0437034808989339,17,1,2,0.128686562828854,17,1,2,0.0406545576331829,17,1,2,0.0336663076523009
"4.17.1",17,1,4,0.0482325120087737,18,1,2,0.139312764073659,18,1,2,0.0600934654941249,18,1,2,0.0397915529726331
"5.17.1",17,1,5,0.0487996995032112,19,1,2,0.0556340781992185,19,1,2,0.02807313670545,19,1,2,0
"1.18.1",18,1,1,0.0962951073670924,20,1,2,0.0521282560065118,20,1,2,0.0943926307346062,20,1,2,0.0366297002263105
"2.18.1",18,1,2,0.0801092554651606,21,1,2,0.0626987324614932,21,1,2,0.0587673613441314,21,1,2,0.0572307596647227
"3.18.1",18,1,3,0.0441816777794957,22,1,2,0.041579751977731,22,1,2,0.0466698446145007,22,1,2,0.079797343367524
"4.18.1",18,1,4,0.0310783525346285,23,1,2,0,23,1,2,0,23,1,2,0
"5.18.1",18,1,5,0.0422542816719747,24,1,2,0.0597377943994772,24,1,2,0.0555954767869601,24,1,2,0.0366055549896773
"1.19.1",19,1,1,0.0846851697026605,25,1,2,0.0219927455057561,25,1,2,0.067223621138487,25,1,2,0.0256251282970567
"2.19.1",19,1,2,0.0556340781992185,26,1,2,0.0590617011362744,26,1,2,0.0510810999096068,26,1,2,0.0991272006900004
"3.19.1",19,1,3,0.0119948879311647,27,1,2,0.0223257386059447,27,1,2,0.0389970217818147,27,1,2,0.00971578838783272
"4.19.1",19,1,4,0.0555957608196321,28,1,2,0.0541570554183798,28,1,2,0.0863446822346491,28,1,2,0.063576641826839
"5.19.1",19,1,5,0.159840852560945,29,1,2,0.0612796868253496,29,1,2,0.0604590946153759,29,1,2,0.0361778997399113
"1.20.1",20,1,1,0.0897746972932003,30,1,2,0,30,1,2,0.087156648011391,30,1,2,0.00297814053451601
"2.20.1",20,1,2,0.070817007011352,31,1,2,0.00177075730337566,31,1,2,0.151690924059276,31,1,2,0.0148865224248405
"3.20.1",20,1,3,0.0304030133319879,32,1,2,0.197673151581249,32,1,2,0.0724369774118535,32,1,2,0.0925904171377776
"4.20.1",20,1,4,0.050128756754739,33,1,2,0.00913595211374233,33,1,2,0,33,1,2,0
"5.20.1",20,1,5,0.0954678089283017,34,1,2,0.0571154539010184,34,1,2,0.0377684556578092,34,1,2,0.0527431103173002
"1.21.1",21,1,1,0.130789803122353,35,1,2,0,35,1,2,0.0160426659955679,35,1,2,0
"2.21.1",21,1,2,0.085986733648686,36,1,2,0.0448218267537566,36,1,2,0.0574963061766046,36,1,2,0.0286170562397394
"3.21.1",21,1,3,0.0184714349377331,37,1,2,0.0721384459470462,37,1,2,0.0609919550299714,37,1,2,0.042009788196103
"4.21.1",21,1,4,0.119121065160928,38,1,2,0.0642623782098933,38,1,2,0.111037650606115,38,1,2,0.0642623782098933
"5.21.1",21,1,5,0.245418437972152,39,1,2,0.054843297155949,39,1,2,0.0418415009557758,39,1,2,0.0480029861014566
"1.22.1",22,1,1,0.116379427919356,40,1,2,0.0943545892254786,40,1,2,0.0351820432435499,40,1,2,0.0157133961437398
"2.22.1",22,1,2,0.0678624547231856,41,1,2,0,41,1,2,0,41,1,2,0
"3.22.1",22,1,3,0.0157868844412977,42,1,2,0.0680115816662266,42,1,2,0.033074113210052,42,1,2,0.0510985440882444
"4.22.1",22,1,4,0.132345073558382,44,1,2,0.0327285715322841,44,1,2,0.013635152983724,44,1,2,0.0186880854879794
"5.22.1",22,1,5,0.145683103284229,45,1,2,0.04725831873261,45,1,2,0.058793785867618,45,1,2,0.0647456336319215
"1.23.1",23,1,1,0.108170562224321,46,1,2,0.0156513510982979,46,1,2,0.00799016997655777,46,1,2,0.0156513510982979
"2.23.1",23,1,2,0,47,1,2,0.0293332359310522,47,1,2,0.0354544168523644,47,1,2,0.0502947787658509
"3.23.1",23,1,3,0.128584043127727,48,1,2,0.0429735460178509,48,1,2,0.0355223209120696,48,1,2,0.111443367407462
"4.23.1",23,1,4,0.0902881274105314,49,1,2,0.0179633839098986,49,1,2,0.04023010935757,49,1,2,0.0510255369911542
"5.23.1",23,1,5,0.102038741760956,50,1,2,0,50,1,2,0,50,1,2,0
"1.24.1",24,1,1,0.0868061912824468,51,1,2,0.0575506939354431,51,1,2,0.0416445659400511,51,1,2,0.0470702863238154
"2.24.1",24,1,2,0.0658503377224593,53,1,2,0.0601824508058788,53,1,2,0.0578683717076494,53,1,2,0.0145858371467972
"3.24.1",24,1,3,0.0472335613606257,54,1,2,0.125542678069409,54,1,2,0.106447649808241,54,1,2,0.0452157254657461
"4.24.1",24,1,4,0.0332382022820637,55,1,2,0.0277269789744686,55,1,2,0.0618006938599723,55,1,2,0.0189696061426369
"5.24.1",24,1,5,0.0698555379556019,56,1,2,0,56,1,2,0,56,1,2,0.215534518235358
"1.25.1",25,1,1,0.091580829286641,66,1,2,0,66,1,2,0,66,1,2,0
"2.25.1",25,1,2,0.0398873964962195,72,1,2,0,72,1,2,0,72,1,2,0
"3.25.1",25,1,3,0.041069593351968,78,1,2,0.0232923587897016,78,1,2,0.0277280621166927,78,1,2,0.0289036249196279
"4.25.1",25,1,4,0.0301767004227131,1,1,3,0.0224462711264833,1,1,3,0.0234202144874851,1,1,3,0.0043403679924097
"5.25.1",25,1,5,0.125903481058769,2,1,3,0.00483205481918237,2,1,3,0,2,1,3,0.0124386867122643
"1.26.1",26,1,1,0.10606852545132,4,1,3,0.0438270252518818,4,1,3,0.0973091514186938,4,1,3,0.0414661837143036
"2.26.1",26,1,2,0.0722143145415785,5,1,3,0.00840227192736605,5,1,3,0,5,1,3,0.00123453753215786
"3.26.1",26,1,3,0.048677345043113,6,1,3,0.0336584990832665,6,1,3,0.0329621196254548,6,1,3,0.0272299327188255
"4.26.1",26,1,4,0.0490334917524265,8,1,3,0.0565696970280491,8,1,3,0.0366567140043802,8,1,3,0.0297851314234695
"5.26.1",26,1,5,0.128824163543991,9,1,3,0.0611073175306264,9,1,3,0.0728449026037587,9,1,3,0.0643861273416943
"1.27.1",27,1,1,0.077887601183096,10,1,3,0.0170466325380772,10,1,3,0.014861794395145,10,1,3,0.00998452814960158
"2.27.1",27,1,2,0.0223257386059447,11,1,3,0.00226404655451758,11,1,3,0.309919246829218,11,1,3,0.0264424611121985
"3.27.1",27,1,3,0.0397725233673467,12,1,3,0.0483235543846666,12,1,3,0.0566837115942458,12,1,3,0.0626139516325255
"4.27.1",27,1,4,0.0361131246879341,13,1,3,0.0490789624422561,13,1,3,0.0423511672819015,13,1,3,0.0190970243450808
"5.27.1",27,1,5,0,15,1,3,0.0225889912663883,15,1,3,0.0230209294985013,15,1,3,0.0248661983274648
"1.28.1",28,1,1,0.122816610697644,16,1,3,0.0118488217233477,16,1,3,0.00842954765102745,16,1,3,0.0149971303042138
"2.28.1",28,1,2,0.0709356580672561,17,1,3,0.0191511860663363,17,1,3,0.0134717591351594,17,1,3,0.037873771415038
"3.28.1",28,1,3,0,18,1,3,0.0251717237612566,18,1,3,0.0336894456923458,18,1,3,0.0426192851389144
"4.28.1",28,1,4,0.0240975125821197,19,1,3,0.0119948879311647,19,1,3,0.00705468043145455,19,1,3,0.00472627748444734
"5.28.1",28,1,5,0.105959928117817,20,1,3,0.0246838003459113,20,1,3,0.0205651894220115,20,1,3,0.0288153248571534
"1.29.1",29,1,1,0.0970227428584726,21,1,3,0,21,1,3,0.0273425180256536,21,1,3,0.0184714349377331
"2.29.1",29,1,2,0.08487998060544,22,1,3,0.00572142723399075,22,1,3,0.00871635272289486,22,1,3,0.0157868844412977
"3.29.1",29,1,3,0.0297410153519899,23,1,3,0.11452955731422,23,1,3,0.0123639224029566,23,1,3,0.0457332427430317
"4.29.1",29,1,4,0.0439772842492112,24,1,3,0.0359345971576673,24,1,3,0.0219138129991901,24,1,3,0.0339621659591674
"5.29.1",29,1,5,0.0644636975693058,25,1,3,0.036060987441479,25,1,3,0.0502575265457462,25,1,3,0.0339984357618477
"1.30.1",30,1,1,0.0828561927753078,26,1,3,0.0300645837883866,26,1,3,0.0148056867214235,26,1,3,0.0298584583830567
"2.30.1",30,1,2,0.00297814053451601,27,1,3,0.0317475068313715,27,1,3,0.0633961788896387,27,1,3,0.0146346696494718
"3.30.1",30,1,3,0,28,1,3,0,28,1,3,0.0523789153341441,28,1,3,0
"4.30.1",30,1,4,0.104511908988666,29,1,3,0.0241679946580104,29,1,3,0.0401260934376172,29,1,3,0.00942690766062259
"5.30.1",30,1,5,0.0990007441721562,30,1,3,0,30,1,3,0.00230166908885933,30,1,3,0
"1.31.1",31,1,1,0.0795826233033949,31,1,3,0.0192255210630207,31,1,3,0.0071192625518974,31,1,3,0.00624233321486989
"2.31.1",31,1,2,0.00951007147352433,32,1,3,0.0453668467479038,32,1,3,0.0136119394335747,32,1,3,0.0305032900065251
"3.31.1",31,1,3,0.0220768936794126,33,1,3,0.0352295393783876,33,1,3,0.0904555401846168,33,1,3,0.0570466086035374
"4.31.1",31,1,4,0.0469933231440535,34,1,3,0.0557282095953447,34,1,3,0.100739889545136,34,1,3,0.0373277999111298
"5.31.1",31,1,5,0.109641136180093,35,1,3,0.0500089422546783,35,1,3,0.0575163598328988,35,1,3,0.0515132657666503
"1.32.1",32,1,1,0.0978798596125784,36,1,3,0.0300339207255992,36,1,3,0.0244220587063793,36,1,3,0.0440246937204376
"2.32.1",32,1,2,0.130192677003011,37,1,3,0.00767672396701066,37,1,3,0.00406169321743372,37,1,3,0.0239945958661068
"3.32.1",32,1,3,0.0612290532765302,38,1,3,0.0554570374081025,38,1,3,0,38,1,3,0.102942652257066
"4.32.1",32,1,4,0.0475329755312715,39,1,3,0.0926555282161758,39,1,3,0.104962586669259,39,1,3,0.0254391660211529
"5.32.1",32,1,5,0.0821380500460968,40,1,3,0.0115469599498807,40,1,3,0.0708344108368233,40,1,3,0.00957208957955106
"1.33.1",33,1,1,0.093151635186543,41,1,3,0.0380668685120959,41,1,3,0.0321560086695118,41,1,3,0.0318060480664145
"2.33.1",33,1,2,0.00913595211374233,42,1,3,0.0668073406898948,42,1,3,0.270916680797203,42,1,3,0.245076155220089
"3.33.1",33,1,3,0.0570466086035374,44,1,3,0.0465596098156986,44,1,3,0.0107874079242919,44,1,3,0.0177611404036281
"4.33.1",33,1,4,0.0711379744519647,45,1,3,0.00943327600356936,45,1,3,0.364923389359761,45,1,3,0.00846171057599746
"5.33.1",33,1,5,0.0396006408010911,46,1,3,0.0259326149200285,46,1,3,0,46,1,3,0.0174090366716741
"1.34.1",34,1,1,0.0962233623458511,47,1,3,0.0208096851556201,47,1,3,0.0117920911080703,47,1,3,0.0125083265977405
"2.34.1",34,1,2,0.065251125491315,48,1,3,0.0386681333281751,48,1,3,0.0585749984847674,48,1,3,0.0585405121955641
"3.34.1",34,1,3,0.067423108556747,49,1,3,0.0179931172856805,49,1,3,0.00298974749398887,49,1,3,0.0133735246624157
"4.34.1",34,1,4,0.0521739979261538,50,1,3,0,50,1,3,0,50,1,3,0
"5.34.1",34,1,5,0.00701986576509779,51,1,3,0.053471421769371,51,1,3,0.00539887466346584,51,1,3,0.0736307165715917
"1.35.1",35,1,1,0.0919189175612715,53,1,3,0.0186952521069577,53,1,3,0.0141393221218021,53,1,3,0.0125586029429389
"2.35.1",35,1,2,0,54,1,3,0,54,1,3,0.0153048252686356,54,1,3,0.0383733884303645
"3.35.1",35,1,3,0.077002118365045,55,1,3,0.0233188600397546,55,1,3,0.0298885016961587,55,1,3,0.00772975471697611
"4.35.1",35,1,4,0.0806744612575744,56,1,3,0.0691343379698909,56,1,3,0.0360808772233526,56,1,3,0.0599546274624064
"5.35.1",35,1,5,0.0566588690976274,66,1,3,0.0557617146778423,66,1,3,0.0246847677877427,66,1,3,0.0584553239760675
"1.36.1",36,1,1,0.0804553533217823,72,1,3,0.0637725622581947,72,1,3,0.0418745295518935,72,1,3,0.0762828877244185
"2.36.1",36,1,2,0.0514634847952,78,1,3,0.000564188878866211,78,1,3,0.0125947967330218,78,1,3,0.00295735738072292
"3.36.1",36,1,3,0.042343698984519,1,1,4,0.0658046265973946,1,1,4,0.0143743376520268,1,1,4,0.0899603086657116
"4.36.1",36,1,4,0.0732031468023963,2,1,4,0.0799008677925581,2,1,4,0.0535329478102842,2,1,4,0.0193089883294057
"5.36.1",36,1,5,0.0802963049789609,4,1,4,0.0292066825768351,4,1,4,0.0417000448044319,4,1,4,0.0194345563419154
"1.37.1",37,1,1,0.0968928176145839,5,1,4,0.0257234169638021,5,1,4,0.00673099283609083,5,1,4,0.0602754781016068
"2.37.1",37,1,2,0.0777993841662216,6,1,4,0.0359373811512781,6,1,4,0.0389828235923278,6,1,4,0.0417283187153347
"3.37.1",37,1,3,0.0302545897737367,8,1,4,0.068544748771885,8,1,4,0.114067404164131,8,1,4,0.0270130112957872
"4.37.1",37,1,4,0.0321438864851806,9,1,4,0.0306844010754726,9,1,4,0.0284260517601926,9,1,4,0.0640866196764163
"5.37.1",37,1,5,0.0531106507124944,10,1,4,0.0733049055557917,10,1,4,0.148901224271117,10,1,4,0.0129224180376435
"1.38.1",38,1,1,0.0808088034034906,11,1,4,0,11,1,4,0.207537080914735,11,1,4,0.0127611976319872
"2.38.1",38,1,2,0.0642623782098933,12,1,4,0.0315222288618112,12,1,4,0.0114350800508159,12,1,4,0.0735634005808634
"3.38.1",38,1,3,0.135991042739369,13,1,4,0.00251275363233989,13,1,4,0.0208667059761998,13,1,4,0.00251275363233989
"4.38.1",38,1,4,0.0733485250152009,15,1,4,0.049740799281698,15,1,4,0.0311024959688776,15,1,4,0.0439823348793295
"5.38.1",38,1,5,0.0212442982383272,16,1,4,0.0691927234434912,16,1,4,0.0161613763592636,16,1,4,0.0426544827491959
"1.39.1",39,1,1,0.098952737532994,17,1,4,0.0307562059413603,17,1,4,0.0081880636224749,17,1,4,0.0417678757593822
"2.39.1",39,1,2,0.0778871878827351,18,1,4,0.0214361148662927,18,1,4,0.0289685756165637,18,1,4,0.0989142502727324
"3.39.1",39,1,3,0.0277509627313801,19,1,4,0.0555957608196321,19,1,4,0.0355039479559791,19,1,4,0.222865536454534
"4.39.1",39,1,4,0.0358915519862334,20,1,4,0.0300303190518787,20,1,4,0.00584326274378494,20,1,4,0.0292334292900946
"5.39.1",39,1,5,0.0398601424475572,21,1,4,0.205092618360706,21,1,4,0.0645508111525918,21,1,4,0.308544544832576
"1.40.1",40,1,1,0.10712333826187,22,1,4,0.346176719039759,22,1,4,0.0339268751160446,22,1,4,0.0994335144936439
"2.40.1",40,1,2,0.0887099006108854,23,1,4,0.0592100378576142,23,1,4,0.0320235687796529,23,1,4,0.111678873442076
"3.40.1",40,1,3,0.0211190495294317,24,1,4,0.0301566530206284,24,1,4,0.0262171870138064,24,1,4,0.0233226964698006
"4.40.1",40,1,4,0.0814978217051973,25,1,4,0.0301767004227131,25,1,4,0.164588496902104,25,1,4,0.172470793859683
"5.40.1",40,1,5,0.136809024383581,26,1,4,0.0341682261863937,26,1,4,0.203034198289009,26,1,4,0.028468710761622
"1.41.1",41,1,1,0.0888777923752353,27,1,4,0.0318910796598647,27,1,4,0.0309888056567321,27,1,4,0.0393037165166629
"2.41.1",41,1,2,0,28,1,4,0.0240975125821197,28,1,4,0,28,1,4,0.0173953362589568
"3.41.1",41,1,3,0.0600654195712797,29,1,4,0.00626430426827198,29,1,4,0.0357363331922086,29,1,4,0.0439772842492112
"4.41.1",41,1,4,0.0719921521731868,30,1,4,0.0655235947132016,30,1,4,0.192195822198072,30,1,4,0.0895658389154061
"5.41.1",41,1,5,0.0531332531851457,31,1,4,0.0300377736056862,31,1,4,0.00660876988510459,31,1,4,0.0258552266253443
"1.42.1",42,1,1,0.0971695367640449,32,1,4,0.047231806718968,32,1,4,0.031720355779058,32,1,4,0.0444699827588896
"2.42.1",42,1,2,0.0911806709150114,33,1,4,0.0594726754537322,33,1,4,0.0171448405166469,33,1,4,0.0338627344067225
"3.42.1",42,1,3,0.0899952027508495,34,1,4,0.0490077575112873,34,1,4,0.0252772125459903,34,1,4,0.108016395027219
"4.42.1",42,1,4,0.0377721812920089,35,1,4,0.0771436618430841,35,1,4,0.0329608573778687,35,1,4,0.055501765735659
"5.42.1",42,1,5,0.0637259115892873,36,1,4,0.0512567287052743,36,1,4,0.0101053110919957,36,1,4,0.126141090788576
"1.44.1",44,1,1,0.0887758262538974,37,1,4,0.0177727914424268,37,1,4,0.0118535067580414,37,1,4,0.0229813179856031
"2.44.1",44,1,2,0.0390511522497811,38,1,4,0.0672541702200633,38,1,4,0.00426618701752543,38,1,4,0.158157211086657
"3.44.1",44,1,3,0.0523429495281619,39,1,4,0.0238644093292764,39,1,4,0.0314500947515387,39,1,4,0.0334765314229016
"4.44.1",44,1,4,0.0978480095857105,40,1,4,0.0656829632395649,40,1,4,0.0423428552341139,40,1,4,0.0703019665174082
"5.44.1",44,1,5,0.0318307324486203,41,1,4,0.0662950314501,41,1,4,0.0106977151664312,41,1,4,0.0420961753417767
"1.45.1",45,1,1,0.10080893905211,42,1,4,0.0271947883213912,42,1,4,0.00730582727030855,42,1,4,0.022518578664296
"2.45.1",45,1,2,0.0577378501014252,44,1,4,0.0821175997867842,44,1,4,0.110684053352718,44,1,4,0.136562425955473
"3.45.1",45,1,3,0.0131074855872316,45,1,4,0.0422890463490104,45,1,4,0.0615076141074837,45,1,4,0.0731666735202294
"4.45.1",45,1,4,0.0544333034869044,46,1,4,0.0755326770173593,46,1,4,0.0148004829425262,46,1,4,0.0624157970406561
"5.45.1",45,1,5,0.0981910990559509,47,1,4,0.0547151410769127,47,1,4,0.0143449753453452,47,1,4,0.180778930789213
"1.46.1",46,1,1,0.107517160324096,48,1,4,0.0361428102853452,48,1,4,0.00623864082975856,48,1,4,0.0433363438747017
"2.46.1",46,1,2,0.0156513510982979,49,1,4,0.0438464405163357,49,1,4,0.0178863287139131,49,1,4,0.0211350789927983
"3.46.1",46,1,3,0.0286051217901946,50,1,4,0.159571572176907,50,1,4,0.119147965464494,50,1,4,0.13042547458092
"4.46.1",46,1,4,0.0851092973815081,51,1,4,0.00818102941762775,51,1,4,0.00243658296688767,51,1,4,0.0104181164858095
"5.46.1",46,1,5,0.0166393307880588,53,1,4,0.0359221984891958,53,1,4,0.0451458473661219,53,1,4,0.0622233710972775
"1.47.1",47,1,1,0.113519201393414,54,1,4,0.0955938524258466,54,1,4,0.0605239536948533,54,1,4,0.166757771701936
"2.47.1",47,1,2,0.0431373982838747,55,1,4,0.0435895215020008,55,1,4,0,55,1,4,0.0293778773957688
"3.47.1",47,1,3,0.0208096851556201,56,1,4,0.0576910521507815,56,1,4,0.0116433925682828,56,1,4,0.00646612408594857
"4.47.1",47,1,4,0.123678435789181,66,1,4,0.0509530528803773,66,1,4,0.0123075004382214,66,1,4,0.052764874071245
"5.47.1",47,1,5,0.0672978941838858,72,1,4,0,72,1,4,0,72,1,4,0
"1.48.1",48,1,1,0.0913652480792848,78,1,4,0.171303346100145,78,1,4,0.0254264095360098,78,1,4,0.103099614606336
"2.48.1",48,1,2,0.0640425152586905,1,1,5,0.0646530148886547,1,1,5,0.0854456313068577,1,1,5,0.112782837452323
"3.48.1",48,1,3,0.0421242893399955,2,1,5,0.0257033993266165,2,1,5,0.00884824832226543,2,1,5,0.00458470187655431
"4.48.1",48,1,4,0.0377508694117669,4,1,5,0.184121002768716,4,1,5,0.0698160710003062,4,1,5,0.053982385238071
"5.48.1",48,1,5,0.287572836178067,5,1,5,0.234562927634603,5,1,5,0.0981467309858916,5,1,5,0.261330116981863
"1.49.1",49,1,1,0.0573178558534798,6,1,5,0.00542455107698222,6,1,5,0.0267839419856771,6,1,5,0.0346170324080419
"2.49.1",49,1,2,0.0179633839098986,8,1,5,0.057270995521102,8,1,5,0.0264382105311298,8,1,5,0.0197316243303683
"3.49.1",49,1,3,0.020085296073572,9,1,5,0.0176983038824489,9,1,5,0.158158695544409,9,1,5,0.0501199009011629
"4.49.1",49,1,4,0.0317787170934711,10,1,5,0.046113401508755,10,1,5,0.0725688262744656,10,1,5,0.0725688262744656
"5.49.1",49,1,5,0.107681713812273,11,1,5,0,11,1,5,0,11,1,5,0
"1.50.1",50,1,1,0.0771393381216824,12,1,5,0.0614420306564439,12,1,5,0.069607078807346,12,1,5,0.0378913211260863
"2.50.1",50,1,2,0,13,1,5,0.166198583880144,13,1,5,0.0208878107684687,13,1,5,0.231962254831463
"3.50.1",50,1,3,0,15,1,5,0.049697694072638,15,1,5,0.0313852590239176,15,1,5,0.0475714568656045
"4.50.1",50,1,4,0.145152541076623,16,1,5,0.0327041280137151,16,1,5,0.023062589716606,16,1,5,0.0128748170554094
"5.50.1",50,1,5,0.0872488679060039,17,1,5,0.0369410844630698,17,1,5,0.0416591000696896,17,1,5,0.0180789746711779
"1.51.1",51,1,1,0.0795427920281695,18,1,5,0.0348034461393817,18,1,5,0.0251151290613075,18,1,5,0.0287243687337018
"2.51.1",51,1,2,0.0760265630385464,19,1,5,0.159840852560945,19,1,5,0.194297488903135,19,1,5,0.0775685590817353
"3.51.1",51,1,3,0.053471421769371,20,1,5,0.0577105927981209,20,1,5,0.038995063678721,20,1,5,0.1374259151979
"4.51.1",51,1,4,0.017180938973938,21,1,5,0.2796255246514,21,1,5,0.0876778478415414,21,1,5,0.515011812231735
"5.51.1",51,1,5,0.0882612781385443,22,1,5,0.120449655958946,22,1,5,0.0277268296268512,22,1,5,0.386600625151409
"1.53.1",53,1,1,0.0821925830217171,23,1,5,0.0671821098821801,23,1,5,0.0490821630167296,23,1,5,0.0577164917525024
"2.53.1",53,1,2,0.074768287952676,24,1,5,0.0350994565637393,24,1,5,0.0455522402023508,24,1,5,0.0547376456522995
"3.53.1",53,1,3,0.0268063061162958,25,1,5,0.125903481058769,25,1,5,0.0669899779314257,25,1,5,0.0651765785497025
"4.53.1",53,1,4,0.0449623581377169,26,1,5,0.0556438201232784,26,1,5,0.0554507897769518,26,1,5,0.102940630081049
"5.53.1",53,1,5,0.0513980913757454,27,1,5,0,27,1,5,0,27,1,5,0
"1.54.1",54,1,1,0.142672666762147,28,1,5,0.0475849626516686,28,1,5,0.547778931001314,28,1,5,0.105959928117817
"2.54.1",54,1,2,0.0653259762143017,29,1,5,0.0311025509415147,29,1,5,0.0979662870825644,29,1,5,0.0553967225153735
"3.54.1",54,1,3,0.0383733884303645,30,1,5,0.0863231812687689,30,1,5,0.0537138727846182,30,1,5,0.0284570896788304
"4.54.1",54,1,4,0.241610761544148,31,1,5,0.0621745467837895,31,1,5,0.190790648808009,31,1,5,0.0474665893963039
"5.54.1",54,1,5,0.268204839853296,32,1,5,0.0821380500460968,32,1,5,0.0147563151927021,32,1,5,0.154776032737806
"1.55.1",55,1,1,0.0954288586438524,33,1,5,0,33,1,5,0,33,1,5,0.0396006408010911
"2.55.1",55,1,2,0.0302983065954501,34,1,5,0,34,1,5,0.00705274124533148,34,1,5,0.00701986576509779
"3.55.1",55,1,3,0.0233188600397546,35,1,5,0.0359961987492289,35,1,5,0.0359961987492289,35,1,5,0.239042734210197
"4.55.1",55,1,4,0.0618095636863501,36,1,5,0.078131533163263,36,1,5,0.0786405496344321,36,1,5,0.050306338561158
"5.55.1",55,1,5,0.108225279793436,37,1,5,0.049917809853974,37,1,5,0,37,1,5,0.00319284085852033
"1.56.1",56,1,1,0.0721598382415317,38,1,5,0.0138361876968715,38,1,5,0.0275378445131023,38,1,5,0.0212442982383272
"2.56.1",56,1,2,0.215534518235358,39,1,5,0.0249945143481085,39,1,5,0.0457696228692238,39,1,5,0.0545973913584969
"3.56.1",56,1,3,0.0789073836381015,40,1,5,0.10508255698602,40,1,5,0.0258117517665146,40,1,5,0.0929356014219165
"4.56.1",56,1,4,0.06415717623673,41,1,5,0.0418684846333227,41,1,5,0.0688915076999851,41,1,5,0.0386051997022358
"5.56.1",56,1,5,0.0550413974262879,42,1,5,0.0637259115892873,42,1,5,0.0105454639464508,42,1,5,0.0472770639535001
"1.66.1",66,1,1,0.0851022364554985,44,1,5,0.0174794706748083,44,1,5,0.171666497847087,44,1,5,0.0318307324486203
"2.66.1",66,1,2,0,45,1,5,0.0807283073027859,45,1,5,0.0243775964234951,45,1,5,0.0519157247260703
"3.66.1",66,1,3,0.0853884855381287,46,1,5,0.00294735037299039,46,1,5,0.000846448068376519,46,1,5,0.0136919804150685
"4.66.1",66,1,4,0.0589240210391391,47,1,5,0.0659678226851765,47,1,5,0.12121854761429,47,1,5,0.0973453113142996
"5.66.1",66,1,5,0.075921413264422,48,1,5,0.249670726859325,48,1,5,0.0416918000300514,48,1,5,0.0628005431953982
"1.72.1",72,1,1,0.305876837854683,49,1,5,0.107681713812273,49,1,5,0.0201165040846176,49,1,5,0.0102818412800373
"2.72.1",72,1,2,0,50,1,5,0.0411419481911356,50,1,5,0.0620464720800037,50,1,5,0.0596556003531111
"3.72.1",72,1,3,0.109940331846198,51,1,5,0.0802230573214724,51,1,5,0.0878534590505038,51,1,5,0.0882612781385443
"4.72.1",72,1,4,0,53,1,5,0.030023791774278,53,1,5,0.0278329536378027,53,1,5,0.0401810885294223
"5.72.1",72,1,5,0,54,1,5,0.256102156082947,54,1,5,0.898971912073122,54,1,5,0.332712462822153
"1.78.1",78,1,1,0.167915815091187,55,1,5,0.0746866971435888,55,1,5,0.00794371449181434,55,1,5,0.0414822971416612
"2.78.1",78,1,2,0.0421269945650171,56,1,5,0.0219655240639642,56,1,5,0.0199412773054958,56,1,5,0.0455096276039783
"3.78.1",78,1,3,0.00352154625958913,66,1,5,0.00939194512686754,66,1,5,0.0332881055292807,66,1,5,0.0720156598259001
"4.78.1",78,1,4,0.171303346100145,72,1,5,0,72,1,5,0,72,1,5,0
"5.78.1",78,1,5,0,78,1,5,0,78,1,5,0,78,1,5,0
"1.1.2",1,2,1,0.0767961387958994,1,2,1,0.0531537419573735,1,2,1,0.0669599564051431,1,2,1,0.0691612502861936
"2.1.2",1,2,2,0.0564412952397528,2,2,1,0.0219351190287646,2,2,1,0.0337116256757329,2,2,1,0.0342185139486271
"3.1.2",1,2,3,0.0836349117200369,4,2,1,0.0421868501492133,4,2,1,0.0537967046689764,4,2,1,0.0564315796732155
"4.1.2",1,2,4,0.0820005220318327,5,2,1,0.0610303818113946,5,2,1,0.0754455485473767,5,2,1,0.11535938491199
"5.1.2",1,2,5,0.088894207868712,6,2,1,0.0335365150284003,6,2,1,0.0484223933598461,6,2,1,0.0579297307357469
"1.2.2",2,2,1,0.0401398269096405,8,2,1,0.0233645834857003,8,2,1,0.0424256674457195,8,2,1,0.0333246118082779
"2.2.2",2,2,2,0.0496238189202831,9,2,1,0.030792814531578,9,2,1,0.0347159989668655,9,2,1,0.0374463300530288
"3.2.2",2,2,3,0.0402816755807155,10,2,1,0.0463569456350837,10,2,1,0.0585076541072098,10,2,1,0.0424812239621714
"4.2.2",2,2,4,0.0234994428514248,11,2,1,0.00617455042720094,11,2,1,0.0151648719912622,11,2,1,0.0156243219081169
"5.2.2",2,2,5,0.0336587086118612,12,2,1,0.0418342844721601,12,2,1,0.0462751462164978,12,2,1,0.0568564187253085
"1.4.2",4,2,1,0.062673879882022,13,2,1,0.043404508743839,13,2,1,0.0433512018588502,13,2,1,0.0436637087341095
"2.4.2",4,2,2,0.0431496298387553,15,2,1,0.0356879812847657,15,2,1,0.0325264382377703,15,2,1,0.0500282512117499
"3.4.2",4,2,3,0.0354396289208747,16,2,1,0.0425472268522022,16,2,1,0.0360116579245465,16,2,1,0.0617291750497739
"4.4.2",4,2,4,0.0205882462749884,17,2,1,0.0310257029363889,17,2,1,0.0318285830334155,17,2,1,0.0402436246008801
"5.4.2",4,2,5,0.0226201987276069,18,2,1,0.0463359293157444,18,2,1,0.0520903552274779,18,2,1,0.0618707026230814
"1.5.2",5,2,1,0.0973029733544115,19,2,1,0.0301580891178372,19,2,1,0.0485092024759085,19,2,1,0.0417145930664705
"2.5.2",5,2,2,0.0774319640796775,20,2,1,0.0360498644151926,20,2,1,0.0418039019997534,20,2,1,0.0499195199891659
"3.5.2",5,2,3,0.0680107935094327,21,2,1,0.0645887461618289,21,2,1,0.0614066707821552,21,2,1,0.0920872882695242
"4.5.2",5,2,4,0.0876725835615774,22,2,1,0.0431367022586909,22,2,1,0.0383819252242471,22,2,1,0.0641365329964721
"5.5.2",5,2,5,0.212075084606961,23,2,1,0.0287186361958644,23,2,1,0.0320168613451403,23,2,1,0.0422063155666306
"1.6.2",6,2,1,0.0551248412000428,24,2,1,0.0319693978789325,24,2,1,0.0430787965682753,24,2,1,0.0493208464316978
"2.6.2",6,2,2,0.0356360061986374,25,2,1,0.0396583389555579,25,2,1,0.043580578961584,25,2,1,0.0458781878466999
"3.6.2",6,2,3,0.0360146823499868,26,2,1,0.0403726120651886,26,2,1,0.0488175122797399,26,2,1,0.0607009842981561
"4.6.2",6,2,4,0.00883383423739491,27,2,1,0.0249460249113351,27,2,1,0.0294303011094925,27,2,1,0.040563005716931
"5.6.2",6,2,5,0.0668034561040937,28,2,1,0.0586124958960287,28,2,1,0.0621642413726493,28,2,1,0.0829810321431884
"1.8.2",8,2,1,0.0357419466134005,29,2,1,0.0349634232728997,29,2,1,0.0478512847535367,29,2,1,0.0534934396667738
"2.8.2",8,2,2,0.0254711822134943,30,2,1,0.0310264808063257,30,2,1,0.0456685382919408,30,2,1,0.041500371447676
"3.8.2",8,2,3,0.0368386030905835,31,2,1,0.0351825964265168,31,2,1,0.0383178085531319,31,2,1,0.0438379835988143
"4.8.2",8,2,4,0.0410419421023836,32,2,1,0.0520938083336756,32,2,1,0.0389363801164313,32,2,1,0.0502734186738155
"5.8.2",8,2,5,0.0486235197052641,33,2,1,0.0274698508349228,33,2,1,0.039949569460427,33,2,1,0.0351538833886401
"1.9.2",9,2,1,0.045785228975104,34,2,1,0.0334721990868053,34,2,1,0.0435710805905044,34,2,1,0.0278001737333008
"2.9.2",9,2,2,0.0415220227364538,35,2,1,0.0481919783742008,35,2,1,0.0709244915613853,35,2,1,0.0519919396109239
"3.9.2",9,2,3,0.0309062899090047,36,2,1,0.0284422794734154,36,2,1,0.034207746572868,36,2,1,0.0489200807307121
"4.9.2",9,2,4,0.020064230315798,37,2,1,0.027623587924493,37,2,1,0.051192684967966,37,2,1,0.0832452947589503
"5.9.2",9,2,5,0.0205939868100567,38,2,1,0.0320143108658088,38,2,1,0.0335405828329906,38,2,1,0.0405330102030145
"1.10.2",10,2,1,0.0651972682093062,39,2,1,0.0395802276972909,39,2,1,0.0383933316355852,39,2,1,0.0543348290628685
"2.10.2",10,2,2,0.0468779094597503,40,2,1,0.0438988576802522,40,2,1,0.0628744778783959,40,2,1,0.0667980891494618
"3.10.2",10,2,3,0.0298910413538399,41,2,1,0.040049910713994,41,2,1,0.0510425301952226,41,2,1,0.0602711111985113
"4.10.2",10,2,4,0.0250385043460538,42,2,1,0.0343569938856389,42,2,1,0.0598834671741146,42,2,1,0.0429923247720407
"5.10.2",10,2,5,0.138174768706101,44,2,1,0.0271627916842137,44,2,1,0.0199285911806665,44,2,1,0.0331726340723457
"1.11.2",11,2,1,0.0141392291330264,45,2,1,0.0444429107145015,45,2,1,0.0443534541333634,45,2,1,0.0669105326965816
"2.11.2",11,2,2,0.0633473736086934,46,2,1,0.0265564906375776,46,2,1,0.0427978199830244,46,2,1,0.0486085586514727
"3.11.2",11,2,3,0.0156976095222007,47,2,1,0.0562287696884536,47,2,1,0.0687207373091347,47,2,1,0.0636866331366647
"4.11.2",11,2,4,0.0324535455805862,48,2,1,0.0391784049439025,48,2,1,0.0308585186056799,48,2,1,0.058421937217408
"5.11.2",11,2,5,0.0918789828754621,49,2,1,0.0155374243709069,49,2,1,0.0332688839019414,49,2,1,0.0205297607148214
"1.12.2",12,2,1,0.0633266110189949,50,2,1,0.0317522335601868,50,2,1,0.0350577566681483,50,2,1,0.0448559812078961
"2.12.2",12,2,2,0.0543263776961079,51,2,1,0.038960857385437,51,2,1,0.0539965061533709,51,2,1,0.0491603087848224
"3.12.2",12,2,3,0.0424573662601593,53,2,1,0.0336572937915737,53,2,1,0.0509444293632125,53,2,1,0.0491693544216679
"4.12.2",12,2,4,0.0276623678124268,54,2,1,0.0608444866863059,54,2,1,0.0701607647685439,54,2,1,0.0967382170920943
"5.12.2",12,2,5,0.0865172154070616,55,2,1,0.0381011507084401,55,2,1,0.0379495114299576,55,2,1,0.0443148442529069
"1.13.2",13,2,1,0.0666207854621623,56,2,1,0.049189920388493,56,2,1,0.0509235050158047,56,2,1,0.0387051632258837
"2.13.2",13,2,2,0.0552504711445733,66,2,1,0.0138902798131349,66,2,1,0.0142332020371949,66,2,1,0
"3.13.2",13,2,3,0.0620779879181993,72,2,1,0.0411894035382497,72,2,1,0,72,2,1,0.0288880064583109
"4.13.2",13,2,4,0.00378234889294415,78,2,1,0,78,2,1,0.00367563118559692,78,2,1,0
"5.13.2",13,2,5,0.0369892090014285,1,2,2,0.0348898126269721,1,2,2,0.0510792043175064,1,2,2,0.0447894115473469
"1.15.2",15,2,1,0.0464408561299091,2,2,2,0.0496238189202831,2,2,2,0.00309739439441484,2,2,2,0
"2.15.2",15,2,2,0.123271083157294,4,2,2,0.0558800167299136,4,2,2,0.0509209420948889,4,2,2,0.119372397044277
"3.15.2",15,2,3,0.0233793923416172,5,2,2,0.0647735701462215,5,2,2,0.040089432648947,5,2,2,0.0609296251638745
"4.15.2",15,2,4,0.0461451239870511,6,2,2,0.0139102509496333,6,2,2,0.0572847200566082,6,2,2,0.0329949971877127
"5.15.2",15,2,5,0.0352684262414134,8,2,2,0.0205664323707743,8,2,2,0.0217737913989213,8,2,2,0.0131233019202464
"1.16.2",16,2,1,0.0567854241684575,9,2,2,0.0524160547687105,9,2,2,0.113538449397713,9,2,2,0.030694963549172
"2.16.2",16,2,2,0,10,2,2,0.0307096871979514,10,2,2,0.0522588312902364,10,2,2,0.0438580870923015
"3.16.2",16,2,3,0.0223521557513988,11,2,2,0.0482460190657558,11,2,2,0.0428645050835842,11,2,2,0.0749301308615959
"4.16.2",16,2,4,0.0378199626462358,12,2,2,0.0431686693368303,12,2,2,0.043439762909938,12,2,2,0.0482767021124929
"5.16.2",16,2,5,0.0294835025938811,13,2,2,0.0490406913623088,13,2,2,0.0749813736250347,13,2,2,0.0391856506433483
"1.17.2",17,2,1,0.0538161100651845,15,2,2,0.123271083157294,15,2,2,0.123271083157294,15,2,2,0.118806409183259
"2.17.2",17,2,2,0.063848629569735,16,2,2,0,16,2,2,0,16,2,2,0
"3.17.2",17,2,3,0.0164345533773056,17,2,2,0.0440183586039556,17,2,2,0.055850759578613,17,2,2,0.0288828558366057
"4.17.2",17,2,4,0.0445313699059288,18,2,2,0.0566903726926688,18,2,2,0.0437325006149624,18,2,2,0.0435216320420485
"5.17.2",17,2,5,0.0422748550045582,19,2,2,0.0812521458957688,19,2,2,0,19,2,2,0.000621515553954145
"1.18.2",18,2,1,0.0635500792071945,20,2,2,0.0251345385451912,20,2,2,0.0380868212899544,20,2,2,0.0344728196707195
"2.18.2",18,2,2,0.0595243332956987,21,2,2,0.0369457893582478,21,2,2,0.0476868004300973,21,2,2,0.0418134878318297
"3.18.2",18,2,3,0.0197562846441184,22,2,2,0.0428605945248322,22,2,2,0.0484146906493609,22,2,2,0.0592676959149615
"4.18.2",18,2,4,0.0498105886086808,23,2,2,0.158175545805938,23,2,2,0.229129959210541,23,2,2,0.0254588843567268
"5.18.2",18,2,5,0.103576814381748,24,2,2,0.027218955477895,24,2,2,0.0414551780905911,24,2,2,0.0301489587653772
"1.19.2",19,2,1,0.0465567900925794,25,2,2,0.0593082582048452,25,2,2,0.0175318137684343,25,2,2,0.0285034920193408
"2.19.2",19,2,2,0.0818736614497229,26,2,2,0.0250171435397707,26,2,2,0.0611692433866035,26,2,2,0.0385084849842566
"3.19.2",19,2,3,0.0134546587721059,27,2,2,0.0153500332042333,27,2,2,0.0316151725748595,27,2,2,0.02380921837676
"4.19.2",19,2,4,0.053484827148522,28,2,2,0.0377680371124955,28,2,2,0.0582207309485103,28,2,2,0.0540526467852792
"5.19.2",19,2,5,0.0834166979349074,29,2,2,0.0475017208102145,29,2,2,0.0519077467415546,29,2,2,0.0517203269487243
"1.20.2",20,2,1,0.0509218173244599,30,2,2,0,30,2,2,0.0170095561899056,30,2,2,0
"2.20.2",20,2,2,0.0387250230590348,31,2,2,0.0400648247738124,31,2,2,0.25382906595507,31,2,2,0.0742281120954502
"3.20.2",20,2,3,0.00980075677565048,32,2,2,0.0393174161924571,32,2,2,0.0342982418189039,32,2,2,0.0224056724063985
"4.20.2",20,2,4,0.0474779894565403,33,2,2,0,33,2,2,0.0711339024948816,33,2,2,0
"5.20.2",20,2,5,0.0545940170237395,34,2,2,0.0345918801969085,34,2,2,0.0462954846922844,34,2,2,0.0506700800567732
"1.21.2",21,2,1,0.0937654124927092,35,2,2,0.0170796471471956,35,2,2,0.0208560177188573,35,2,2,0.166756736882229
"2.21.2",21,2,2,0.058760403627052,36,2,2,0.0652881161095454,36,2,2,0.0336928172025648,36,2,2,0.0398642758984096
"3.21.2",21,2,3,0.10815785429906,37,2,2,0.0429883660467772,37,2,2,0.0677726195829396,37,2,2,0.0714702643095603
"4.21.2",21,2,4,0.0202070479109083,38,2,2,0,38,2,2,0,38,2,2,0
"5.21.2",21,2,5,0.206321617598763,39,2,2,0.0303060032406235,39,2,2,0.0569285781162134,39,2,2,0.0628060394665603
"1.22.2",22,2,1,0.0780346819194557,40,2,2,0.0533587473595698,40,2,2,0.0673294499969406,40,2,2,0.0236503221936373
"2.22.2",22,2,2,0.0534024115923044,41,2,2,0,41,2,2,0.128899741596782,41,2,2,0.065200355760437
"3.22.2",22,2,3,0.0318339264327451,42,2,2,0.0400329835280135,42,2,2,0.0587061875799012,42,2,2,0.0614822280912424
"4.22.2",22,2,4,0.0499505541507207,44,2,2,0.0238117077432487,44,2,2,0.0164201236521365,44,2,2,0.0126919905481388
"5.22.2",22,2,5,0.0835427168907818,45,2,2,0.0461725654985345,45,2,2,0.0488833447111298,45,2,2,0.0552696732378057
"1.23.2",23,2,1,0.0526935499943314,46,2,2,0.00536668364563252,46,2,2,0.00536668364563252,46,2,2,0.00536668364563252
"2.23.2",23,2,2,0.158175545805938,47,2,2,0.0337870045889589,47,2,2,0.0363000543779877,47,2,2,0.0316107860575795
"3.23.2",23,2,3,0.0578031243190229,48,2,2,0.0172069565123657,48,2,2,0.0150816254114979,48,2,2,0.0340812691220071
"4.23.2",23,2,4,0.0542439891562551,49,2,2,0.0188092473323913,49,2,2,0.0126117585056378,49,2,2,0
"5.23.2",23,2,5,0.0800691900183154,50,2,2,0.027361729903537,50,2,2,0.027361729903537,50,2,2,0
"1.24.2",24,2,1,0.0525356438497986,51,2,2,0.0642926908371553,51,2,2,0.0559142230662116,51,2,2,0.0591391149092843
"2.24.2",24,2,2,0.0408544623210603,53,2,2,0.0278439068247157,53,2,2,0.0320879240636391,53,2,2,0.0722025173779035
"3.24.2",24,2,3,0.0338062550552607,54,2,2,0.0655364744508434,54,2,2,0.0999832075991304,54,2,2,0.0951137075702329
"4.24.2",24,2,4,0.0247046535947561,55,2,2,0.0306245700885287,55,2,2,0.0223391284041561,55,2,2,0.0367743721876533
"5.24.2",24,2,5,0.0678414635164847,56,2,2,0.156701265561709,56,2,2,0,56,2,2,0.0207740062415603
"1.25.2",25,2,1,0.0497545578847639,66,2,2,0,66,2,2,0,66,2,2,0
"2.25.2",25,2,2,0.0609215601033455,72,2,2,0.246663004781047,72,2,2,0,72,2,2,0
"3.25.2",25,2,3,0.0715926137314598,78,2,2,0.0147870869111289,78,2,2,0.00977781926118336,78,2,2,0.0156165488364638
"4.25.2",25,2,4,0.0307831114075071,1,2,3,0.041194530462378,1,2,3,0.0769818081754183,1,2,3,0.0424403812576588
"5.25.2",25,2,5,0.0536840998558834,2,2,3,0.00683211972667166,2,2,3,0,2,2,3,0.0402816755807155
"1.26.2",26,2,1,0.0613592254553951,4,2,3,0.0276304916086583,4,2,3,0.103641184402347,4,2,3,0.0367186140878827
"2.26.2",26,2,2,0.0466611609838902,5,2,3,0.0671056028198794,5,2,3,0.0575514624788399,5,2,3,0.0555711808714709
"3.26.2",26,2,3,0.0290408820788392,6,2,3,0.0187710414536127,6,2,3,0.0448404231134959,6,2,3,0.0265901998511314
"4.26.2",26,2,4,0.0201835299721852,8,2,3,0.0245415919203489,8,2,3,0.045200498145523,8,2,3,0.0315695958913772
"5.26.2",26,2,5,0.0757847341162069,9,2,3,0.0240282817903666,9,2,3,0.0907169069988353,9,2,3,0.0172397346346751
"1.27.2",27,2,1,0.0412460703065163,10,2,3,0.0248882158948038,10,2,3,0.0375311608658899,10,2,3,0.010155240597756
"2.27.2",27,2,2,0.0313689642630545,11,2,3,0.0156976095222007,11,2,3,0.0530999900241345,11,2,3,0.000957929530128598
"3.27.2",27,2,3,0.0221019840664847,12,2,3,0.0129038886960489,12,2,3,0.0488235244468195,12,2,3,0.0328961659878293
"4.27.2",27,2,4,0.0226286793757894,13,2,3,0.0575272060425245,13,2,3,0.0244176493380981,13,2,3,0.0246120929658089
"5.27.2",27,2,5,0.0367374520899638,15,2,3,0.013486139240661,15,2,3,0.0208667009455329,15,2,3,0.0154393428542097
"1.28.2",28,2,1,0.0943761023686732,16,2,3,0.00762573167515497,16,2,3,0.0072498772891471,16,2,3,0.0147264240762438
"2.28.2",28,2,2,0.0609342684712632,17,2,3,0.0118953188398112,17,2,3,0.0157718066215236,17,2,3,0.0107412760014276
"3.28.2",28,2,3,0.0128311038087199,18,2,3,0.0197562846441184,18,2,3,0.00877629297492835,18,2,3,0.00295926947692922
"4.28.2",28,2,4,0.186610312565245,19,2,3,0.00676318928078041,19,2,3,0.00700218114201688,19,2,3,0.0134546587721059
"5.28.2",28,2,5,0.124716132113666,20,2,3,0.0245372844770717,20,2,3,0.0671362327330851,20,2,3,0.006139696961629
"1.29.2",29,2,1,0.0625913048183155,21,2,3,0.104295029849488,21,2,3,0.0100482244548687,21,2,3,0.0981096298441908
"2.29.2",29,2,2,0.063850552950417,22,2,3,0.0186164795523313,22,2,3,0.042761453009878,22,2,3,0.0152646078404953
"3.29.2",29,2,3,0.227027766720841,23,2,3,0.0513520009567992,23,2,3,0.0395825279883399,23,2,3,0.0554184435602023
"4.29.2",29,2,4,0.0800936328499156,24,2,3,0.0188123530376736,24,2,3,0.0295033831537087,24,2,3,0.0168507029890424
"5.29.2",29,2,5,0.0400257194335422,25,2,3,0.0485266283316584,25,2,3,0.0666833121097633,25,2,3,0.0771935410799824
"1.30.2",30,2,1,0.0418184812512907,26,2,3,0.0108461838782825,26,2,3,0.0148509609472032,26,2,3,0.0204528002555459
"2.30.2",30,2,2,0,27,2,3,0.0221019840664847,27,2,3,0.077401776074676,27,2,3,0.0159863988434493
"3.30.2",30,2,3,0.0240823769119514,28,2,3,0.0128311038087199,28,2,3,0,28,2,3,0
"4.30.2",30,2,4,0.0608129347482037,29,2,3,0.0839416741752279,29,2,3,0.177189861958715,29,2,3,0.143086092545613
"5.30.2",30,2,5,0.0429596686291551,30,2,3,0.0240823769119514,30,2,3,0.0524398736150421,30,2,3,0.0175515150130454
"1.31.2",31,2,1,0.0495809999267298,31,2,3,0.0219557949459569,31,2,3,0.0555101526432294,31,2,3,0.000401516564055685
"2.31.2",31,2,2,0.0680191209642784,32,2,3,0.0136559267230682,32,2,3,0.0447783043870424,32,2,3,0.0124444218495184
"3.31.2",31,2,3,0.0219557949459569,33,2,3,0,33,2,3,0.0163441003195561,33,2,3,0
"4.31.2",31,2,4,0.0456441766334454,34,2,3,0.0316276289731805,34,2,3,0.0327868703550253,34,2,3,0.0750343179093784
"5.31.2",31,2,5,0.0291928523983357,35,2,3,0.0456187838535015,35,2,3,0.0316601582266448,35,2,3,0.069876187851585
"1.32.2",32,2,1,0.0657026079700893,36,2,3,0.0311473193769595,36,2,3,0.0436355117662262,36,2,3,0.0445965427672644
"2.32.2",32,2,2,0.0617230885988556,37,2,3,0.013080779798175,37,2,3,0.0846931752841196,37,2,3,0.0627904546634602
"3.32.2",32,2,3,0.0236535023064883,38,2,3,0.0359358036135221,38,2,3,0.0359358036135221,38,2,3,0.0359358036135221
"4.32.2",32,2,4,0.0540054526920725,39,2,3,0.00926758062674152,39,2,3,0.00675013253064636,39,2,3,0.0222578542202531
"5.32.2",32,2,5,0.0342046080634269,40,2,3,0.0183322858892166,40,2,3,0.0564681143295655,40,2,3,0.0387283538167693
"1.33.2",33,2,1,0.0381194470060627,41,2,3,0.0280107897700484,41,2,3,0.0108178298461217,41,2,3,0.0428097602978596
"2.33.2",33,2,2,0,42,2,3,0.0337860544098907,42,2,3,0.0275299097231413,42,2,3,0.0254876384628137
"3.33.2",33,2,3,0,44,2,3,0.0409574977329295,44,2,3,0.125850267893571,44,2,3,0.0559452530081119
"4.33.2",33,2,4,0.0237232805791001,45,2,3,0,45,2,3,0.00680729707641463,45,2,3,0.00991578490452204
"5.33.2",33,2,5,0.159803546434194,46,2,3,0.00352836498900193,46,2,3,0.00607597098994528,46,2,3,0.0661482211641054
"1.34.2",34,2,1,0.0468880707738239,47,2,3,0.0171562140869576,47,2,3,0.0305454619567339,47,2,3,0.0437910902733723
"2.34.2",34,2,2,0.0534434250818872,48,2,3,0.0146880068852282,48,2,3,0.0222880224977766,48,2,3,0.025303861070996
"3.34.2",34,2,3,0.0589830932095834,49,2,3,0.0162372965117243,49,2,3,0.0228127472228272,49,2,3,0.0796642277734057
"4.34.2",34,2,4,0.0136898609594393,50,2,3,0,50,2,3,0,50,2,3,0.0237914918164744
"5.34.2",34,2,5,0.0152456537615243,51,2,3,0.0341564918201896,51,2,3,0.0190695131162626,51,2,3,0.00574767231456661
"1.35.2",35,2,1,0.0646992997864953,53,2,3,0.0304268086740834,53,2,3,0.103915199608909,53,2,3,0.0184274038158826
"2.35.2",35,2,2,0.030119559704664,54,2,3,0.0708154868733017,54,2,3,0,54,2,3,0
"3.35.2",35,2,3,0.0585374389387341,55,2,3,0.0373572973510918,55,2,3,0.0406984709476152,55,2,3,0.0208414885814074
"4.35.2",35,2,4,0.0394897373062579,56,2,3,0.0125996098368154,56,2,3,0.00700756400111331,56,2,3,0.0125996098368154
"5.35.2",35,2,5,0,66,2,3,0.0534005707066072,66,2,3,0.0128710148090538,66,2,3,0.219511398701316
"1.36.2",36,2,1,0.0546583043946823,72,2,3,0.0634511544442231,72,2,3,0.0322415764545202,72,2,3,0.0787745716473239
"2.36.2",36,2,2,0.054256238995217,78,2,3,0.0167968259959512,78,2,3,0.031088343808135,78,2,3,0.00587377867446239
"3.36.2",36,2,3,0.0588193276231783,1,2,4,0.0480933431985808,1,2,4,0.101671125218995,1,2,4,0.0627119260102432
"4.36.2",36,2,4,0.0229496626426132,2,2,4,0.0228208140319636,2,2,4,0.0520225262832643,2,2,4,0.0235757239252858
"5.36.2",36,2,5,0.0896074814690414,4,2,4,0.0261539514444534,4,2,4,0.0254935389243934,4,2,4,0.0133493632507153
"1.37.2",37,2,1,0.0606865557532583,5,2,4,0.17538405063124,5,2,4,0.0359916668425318,5,2,4,0.0809891374370315
"2.37.2",37,2,2,0.066527956353909,6,2,4,0.00427078263077754,6,2,4,0.0370549988905967,6,2,4,0.00828922154762705
"3.37.2",37,2,3,0.036078538036512,8,2,4,0.0351900290770276,8,2,4,0.0319193116481082,8,2,4,0.0206887467168532
"4.37.2",37,2,4,0.0482838955583592,9,2,4,0.0114953128801451,9,2,4,0.00696520770402447,9,2,4,0.0153020422593607
"5.37.2",37,2,5,0.0423917957622193,10,2,4,0.0173252761976409,10,2,4,0.0331245309162929,10,2,4,0.00771322814841285
"1.38.2",38,2,1,0.0469201146368525,11,2,4,0.00482862413621676,11,2,4,0.0437519496066883,11,2,4,0.0276249214443694
"2.38.2",38,2,2,0,12,2,4,0.0152443044562984,12,2,4,0.0530007282417004,12,2,4,0.0241324589918645
"3.38.2",38,2,3,0.0359358036135221,13,2,4,0.00378234889294415,13,2,4,0.0343815024623704,13,2,4,0.000979359606123257
"4.38.2",38,2,4,0.0894292465515798,15,2,4,0.0220318354024488,15,2,4,0.0419493006103612,15,2,4,0.0501736379011143
"5.38.2",38,2,5,0.100208793433913,16,2,4,0.0378199626462358,16,2,4,0.0182509948337759,16,2,4,0.00238802767249745
"1.39.2",39,2,1,0.0594153527174209,17,2,4,0.0415611789888825,17,2,4,0.0107454996692876,17,2,4,0.00297019091704625
"2.39.2",39,2,2,0.0463486101545709,18,2,4,0.0489245437670309,18,2,4,0.0180191393841567,18,2,4,0.0167486114228011
"3.39.2",39,2,3,0.0158109884206884,19,2,4,0.053484827148522,19,2,4,0,19,2,4,0.053484827148522
"4.39.2",39,2,4,0.0481183473124713,20,2,4,0.0894727092958982,20,2,4,0.0151213069978577,20,2,4,0.0272897886780876
"5.39.2",39,2,5,0.0651344033472135,21,2,4,0.00901166432424031,21,2,4,0.0248037004442349,21,2,4,0.0111953835866679
"1.40.2",40,2,1,0.0613175514366147,22,2,4,0.0479597949925035,22,2,4,0.127014684574964,22,2,4,0.0806912252696385
"2.40.2",40,2,2,0.0382649916313729,23,2,4,0.0373033652293657,23,2,4,0.150482792447931,23,2,4,0.0616016294731254
"3.40.2",40,2,3,0.0458961919156005,24,2,4,0.0206715048856573,24,2,4,0.00860356271400288,24,2,4,0.0403205520469437
"4.40.2",40,2,4,0.0715095340833123,25,2,4,0.0214521996198426,25,2,4,0.0371042615732379,25,2,4,0.18167293020109
"5.40.2",40,2,5,0.0721642994348593,26,2,4,0.018589510849233,26,2,4,0.0196840219465529,26,2,4,0.0167039986558172
"1.41.2",41,2,1,0.0520055369141224,27,2,4,0.0130675962222984,27,2,4,0.00460355567505961,27,2,4,0.0133976053756407
"2.41.2",41,2,2,0.065200355760437,28,2,4,0.186610312565245,28,2,4,0.125551732884134,28,2,4,0.107137395108583
"3.41.2",41,2,3,0.0399087313250908,29,2,4,0.026850381264881,29,2,4,0.242006929926968,29,2,4,0.0763533006909364
"4.41.2",41,2,4,0.0499849846465383,30,2,4,0.0530216818544965,30,2,4,0.0507223337902813,30,2,4,0.0286678670442483
"5.41.2",41,2,5,0.0939122432327817,31,2,4,0.0323384392878224,31,2,4,0.0256769080845997,31,2,4,0.0624148414318508
"1.42.2",42,2,1,0.0525696871146774,32,2,4,0.043497497056119,32,2,4,0.0781492115775406,32,2,4,0.0798942721460986
"2.42.2",42,2,2,0.0718956636197256,33,2,4,0.0237232805791001,33,2,4,0.125513928673301,33,2,4,0.0218327943036778
"3.42.2",42,2,3,0.0558091870581577,34,2,4,0.0133213129623662,34,2,4,0.00858929086288335,34,2,4,0.0173192625754162
"4.42.2",42,2,4,0.0201741263752893,35,2,4,0.0390416463311752,35,2,4,0.041311712197694,35,2,4,0.0419748111842981
"5.42.2",42,2,5,0.010871616067057,36,2,4,0.00761765914578091,36,2,4,0.0113500224332955,36,2,4,0.016366226757789
"1.44.2",44,2,1,0.0425864331788941,37,2,4,0.0329248085293027,37,2,4,0.0885066817564264,37,2,4,0.0153590870290565
"2.44.2",44,2,2,0.0319253513364159,38,2,4,0.0723070016542354,38,2,4,0.0309321538629372,38,2,4,0.0509724543045778
"3.44.2",44,2,3,0.0544514474372865,39,2,4,0.0203024072854476,39,2,4,0.179807004544538,39,2,4,0.0460351840004569
"4.44.2",44,2,4,0.0213386670405197,40,2,4,0.0417105201394148,40,2,4,0.14185636580847,40,2,4,0.0693925890867481
"5.44.2",44,2,5,0.0267262614209438,41,2,4,0.00569500439610352,41,2,4,0.0203236264032116,41,2,4,0.0573658292991548
"1.45.2",45,2,1,0.0620082909384895,42,2,4,0.016302650185043,42,2,4,0.00604580336669682,42,2,4,0.00667813658560669
"2.45.2",45,2,2,0.0569110997762322,44,2,4,0.0190067218483907,44,2,4,0.0318530396752245,44,2,4,0.0205291270301058
"3.45.2",45,2,3,0.00991578490452204,45,2,4,0.0214545464895932,45,2,4,0.0594191659212222,45,2,4,0.0255933555833416
"4.45.2",45,2,4,0.0377059266624541,46,2,4,0.0310106737048513,46,2,4,0.0302716569115512,46,2,4,0.0538117779254173
"5.45.2",45,2,5,0.0337669745725422,47,2,4,0.0585962008241673,47,2,4,0.131431337997772,47,2,4,0.0387828829766231
"1.46.2",46,2,1,0.0478793071464631,48,2,4,0.000247038981329476,48,2,4,0.00843760617866894,48,2,4,0.0114592137567858
"2.46.2",46,2,2,0.00536668364563252,49,2,4,0.0142082118662808,49,2,4,0.0182285299585247,49,2,4,0.00450292170620092
"3.46.2",46,2,3,0.0696765861531074,50,2,4,0.0443194138064705,50,2,4,0.0115048903251596,50,2,4,0.261177734086001
"4.46.2",46,2,4,0.0397414199988508,51,2,4,0,51,2,4,0,51,2,4,0.00129370427051651
"5.46.2",46,2,5,0.163673767205858,53,2,4,0.0683811501723892,53,2,4,0.119252727497123,53,2,4,0.0710514305643235
"1.47.2",47,2,1,0.0765289729580967,54,2,4,0.0938688106232616,54,2,4,0.189835644407914,54,2,4,0.455924184448531
"2.47.2",47,2,2,0.0461740577218075,55,2,4,0.00457154703234413,55,2,4,0.0358539407112541,55,2,4,0.00795759733114938
"3.47.2",47,2,3,0.0609473043603299,56,2,4,0.00470337809401378,56,2,4,0.00464539011346955,56,2,4,0.0217383286002459
"4.47.2",47,2,4,0.0673547936195176,66,2,4,0.0237678720806828,66,2,4,0.0769907305479847,66,2,4,0.043485722072838
"5.47.2",47,2,5,0.0413945182990451,72,2,4,0,72,2,4,0,72,2,4,0
"1.48.2",48,2,1,0.0644446690571324,78,2,4,0.0249989231826697,78,2,4,0.0600345953657948,78,2,4,0
"2.48.2",48,2,2,0.0467312783794836,1,2,5,0.0809710405589554,1,2,5,0.022856068382617,1,2,5,0.0301992334919377
"3.48.2",48,2,3,0.0328169922271962,2,2,5,0.0336587086118612,2,2,5,0.0283826057522024,2,2,5,0.0039784355295348
"4.48.2",48,2,4,0.0116887386885234,4,2,5,0.0203485821143806,4,2,5,0.0457909333876116,4,2,5,0.0349865659592346
"5.48.2",48,2,5,0.0900975578877248,5,2,5,0.19101455124441,5,2,5,0.0953336053419684,5,2,5,0.139132813149621
"1.49.2",49,2,1,0.0264434386352747,6,2,5,0.0451117325498897,6,2,5,0.0461723134851483,6,2,5,0.0407562759678957
"2.49.2",49,2,2,0.0188092473323913,8,2,5,0.0367633803625572,8,2,5,0.0340996269477785,8,2,5,0.0399808218705999
"3.49.2",49,2,3,0.030744363200063,9,2,5,0.017569604494381,9,2,5,0.00454238710334432,9,2,5,0.0086850850201824
"4.49.2",49,2,4,0.0156889293271525,10,2,5,0.0819579142206155,10,2,5,0.0635082843123182,10,2,5,0.0775883001164689
"5.49.2",49,2,5,0.008367328594092,11,2,5,0.059871455326299,11,2,5,0.0379249454311144,11,2,5,0.0563648515571808
"1.50.2",50,2,1,0.0446354464005749,12,2,5,0.0361187185966507,12,2,5,0.189701927806786,12,2,5,0.0753501629426672
"2.50.2",50,2,2,0.027361729903537,13,2,5,0.0329936224921027,13,2,5,0.012152740519198,13,2,5,0.023906069680772
"3.50.2",50,2,3,0.0237914918164744,15,2,5,0.0245038731100501,15,2,5,0.0447020308225605,15,2,5,0.0192655400897147
"4.50.2",50,2,4,0.067270922589763,16,2,5,0.0294835025938811,16,2,5,0.0679928902417671,16,2,5,0
"5.50.2",50,2,5,0.0946456735884599,17,2,5,0.0385834310421941,17,2,5,0.0094408735779221,17,2,5,0.0112487892328202
"1.51.2",51,2,1,0.0552451842998743,18,2,5,0.0866611658557781,18,2,5,0.221582678201391,18,2,5,0.0317822023612937
"2.51.2",51,2,2,0.0688343069418507,19,2,5,0.06961576850639,19,2,5,0.0680933638383424,19,2,5,0.428162893581739
"3.51.2",51,2,3,0.0374539630027915,20,2,5,0.0205391772973116,20,2,5,0.022695906442773,20,2,5,0.0377393797649536
"4.51.2",51,2,4,0.00129370427051651,21,2,5,0.0398083211969255,21,2,5,0.0509415883007858,21,2,5,0.178932812847507
"5.51.2",51,2,5,0.121241603158955,22,2,5,0.0630977556347627,22,2,5,0.0465289776389275,22,2,5,0.0352422699183714
"1.53.2",53,2,1,0.048105634810561,23,2,5,0.0202307606452461,23,2,5,0.0296367688429045,23,2,5,0.201022820595064
"2.53.2",53,2,2,0.0456084286513525,24,2,5,0.205944432084689,24,2,5,0.219723282227522,24,2,5,0.147502347542648
"3.53.2",53,2,3,0.029002953768685,25,2,5,0.0292595363522865,25,2,5,0.00199261427502421,25,2,5,0.0406031304561228
"4.53.2",53,2,4,0.0359552808427324,26,2,5,0.0469319654784349,26,2,5,0.136922246054733,26,2,5,0.0754872246766833
"5.53.2",53,2,5,0.0604865617152988,27,2,5,0.0133967359845652,27,2,5,0.0494014289249335,27,2,5,0.0315664777434392
"1.54.2",54,2,1,0.0965697537301029,28,2,5,0.0770459602574736,28,2,5,0.00601664056648001,28,2,5,0.124716132113666
"2.54.2",54,2,2,0.101379000898972,29,2,5,0.0400257194335422,29,2,5,0.0658005719024704,29,2,5,0.00181774398303357
"3.54.2",54,2,3,0.0708154868733017,30,2,5,0.00850945362519545,30,2,5,0.0363133782290411,30,2,5,0.0385238927572377
"4.54.2",54,2,4,0.0938688106232616,31,2,5,0.022731626448436,31,2,5,0.248029200913302,31,2,5,0.104175411816801
"5.54.2",54,2,5,0.122780853247148,32,2,5,0.0200978321035397,32,2,5,0.0123031584562836,32,2,5,0.0164961199108487
"1.55.2",55,2,1,0.048712186793445,33,2,5,0.157676543393553,33,2,5,0.0500972797409662,33,2,5,0.0638481497255267
"2.55.2",55,2,2,0.0483929891256989,34,2,5,0.00466453413602514,34,2,5,0.0352350106953127,34,2,5,0.0105811196254992
"3.55.2",55,2,3,0.0581987859324992,35,2,5,0,35,2,5,0.0370694216179644,35,2,5,0
"4.55.2",55,2,4,0.0125291443634935,36,2,5,0.0165299529859248,36,2,5,0.164865503645549,36,2,5,0.0795449847631738
"5.55.2",55,2,5,0.0157060049717167,37,2,5,0.0409317497198659,37,2,5,0.0187393757795639,37,2,5,0.00956846993486104
"1.56.2",56,2,1,0.0535744429937124,38,2,5,0.0698616808989357,38,2,5,0.00933452579245362,38,2,5,0.100208793433913
"2.56.2",56,2,2,0.177475271803269,39,2,5,0.0503895006278593,39,2,5,0.034338157689753,39,2,5,0.0212163849762881
"3.56.2",56,2,3,0.0125996098368154,40,2,5,0.0386764273834186,40,2,5,0.0410581237727866,40,2,5,0.047877320647343
"4.56.2",56,2,4,0.0217383286002459,41,2,5,0.0692750671962203,41,2,5,0.0667865356871613,41,2,5,0.0685811997372965
"5.56.2",56,2,5,0.0425036369907355,42,2,5,0.010871616067057,42,2,5,0.0348280465097011,42,2,5,0
"1.66.2",66,2,1,0.0138902798131349,44,2,5,0.0241204782862764,44,2,5,0.0432812989096115,44,2,5,0.0267262614209438
"2.66.2",66,2,2,0,45,2,5,0.00782366479225655,45,2,5,0.323194279594736,45,2,5,0.0418706516737853
"3.66.2",66,2,3,0.149300061084878,46,2,5,0.151789889167289,46,2,5,0.00888178792643284,46,2,5,0.308454871737549
"4.66.2",66,2,4,0.0502455279058489,47,2,5,0.0258145034802907,47,2,5,0.112676564464747,47,2,5,0.0357589330072469
"5.66.2",66,2,5,0.0345719434076386,48,2,5,0.0606347639842257,48,2,5,0.075166037868636,48,2,5,0.0601109896745791
"1.72.2",72,2,1,0.0700774099965605,49,2,5,0.008367328594092,49,2,5,0.26654158445928,49,2,5,0.00200959154326581
"2.72.2",72,2,2,0.246663004781047,50,2,5,0.127392045977812,50,2,5,0.0909787334460587,50,2,5,0.0540829210304185
"3.72.2",72,2,3,0.110594054113079,51,2,5,0.0252110548287342,51,2,5,0.0274329225041899,51,2,5,0.103891920511281
"4.72.2",72,2,4,0,53,2,5,0.0794407738926054,53,2,5,0.0314570204302571,53,2,5,0.0172060429266292
"1.78.2",78,2,1,0,54,2,5,0.0752459664509718,54,2,5,0.214027344559199,54,2,5,0.113632563083562
"2.78.2",78,2,2,0.0290224069671213,55,2,5,0.00466843369313345,55,2,5,0.00344463087993051,55,2,5,0.0122613740917862
"3.78.2",78,2,3,0.0167968259959512,56,2,5,0.0425036369907355,56,2,5,0.123572110918786,56,2,5,0.0162832682080116
"4.78.2",78,2,4,0.0249989231826697,66,2,5,0.0258834819938599,66,2,5,0.0312051167821502,66,2,5,0.0222693351911959
"5.78.2",78,2,5,0.0122749462075103,78,2,5,0.110474515867593,78,2,5,0,78,2,5,0.0122749462075103
"1.1",1,3,1,0.102838390488639,1,3,1,0.0740656512267443,1,3,1,0.0635140036899469,1,3,1,0.096776511818148
"2.1",2,3,1,0.0511757000947737,2,3,1,0.0297790997991335,2,3,1,0.0272097473124338,2,3,1,0.0674151417255598
"4.1",4,3,1,0.0823330282002252,4,3,1,0.0575588851504527,4,3,1,0.0574608130247584,4,3,1,0.0717856005063047
"5.1",5,3,1,0.109972794848886,5,3,1,0.0758625790325785,5,3,1,0.0686483671306169,5,3,1,0.125259087847474
"6.1",6,3,1,0.0645908843407986,6,3,1,0.0457213813685468,6,3,1,0.0451115321937095,6,3,1,0.0629825445090166
"8.1",8,3,1,0.05048148577188,8,3,1,0.0361263612262341,8,3,1,0.0370662576576175,8,3,1,0.0471647148687777
"9.1",9,3,1,0.0629302480283912,9,3,1,0.0449002309033535,9,3,1,0.0379540416063307,9,3,1,0.0540195630437004
"10.1",10,3,1,0.0831362686692808,10,3,1,0.0609783668494949,10,3,1,0.0518642198801382,10,3,1,0.0654141277829208
"11.1",11,3,1,0.0234188939332451,11,3,1,0.0104436834354375,11,3,1,0.0257169472575141,11,3,1,0.0316538330228929
"12.1",12,3,1,0.0902775629686107,12,3,1,0.069935908477949,12,3,1,0.0564868433727608,12,3,1,0.0774334084819119
"13.1",13,3,1,0.081219027501432,13,3,1,0.0578632118726084,13,3,1,0.0489858545238283,13,3,1,0.0692593655655926
"15.1",15,3,1,0.0680211861497189,15,3,1,0.0475285038794442,15,3,1,0.0353304443222704,15,3,1,0.0581406710773696
"16.1",16,3,1,0.0664202394277848,16,3,1,0.0480847793292901,16,3,1,0.0476631321788914,16,3,1,0.0635323084602333
"17.1",17,3,1,0.0687524474677345,17,3,1,0.0461494501754506,17,3,1,0.0343180302692806,17,3,1,0.05404982646549
"18.1",18,3,1,0.0793305780124398,18,3,1,0.0602766116278863,18,3,1,0.049776971982436,18,3,1,0.0698164453794711
"19.1",19,3,1,0.0652685757789629,19,3,1,0.0478554618395981,19,3,1,0.0457671615652833,19,3,1,0.0609679487360519
"20.1",20,3,1,0.069897140732196,20,3,1,0.0551320918793838,20,3,1,0.0471377304594291,20,3,1,0.0660559405823823
"21.1",21,3,1,0.11161920212808,21,3,1,0.0834134583469995,21,3,1,0.0622248123596847,21,3,1,0.104624579711603
"22.1",22,3,1,0.0966905823017166,22,3,1,0.0701527418873596,22,3,1,0.0411749150399579,22,3,1,0.0760834861083132
"23.1",23,3,1,0.0788917169414144,23,3,1,0.054021336211629,23,3,1,0.0362221751759212,23,3,1,0.0633209455251068
"24.1",24,3,1,0.0690532512715355,24,3,1,0.0457815438957058,24,3,1,0.0481746466482032,24,3,1,0.0644345933314124
"25.1",25,3,1,0.0695160310412031,25,3,1,0.0531403386845639,25,3,1,0.0410454852216964,25,3,1,0.0597871791531308
"26.1",26,3,1,0.083064599242809,26,3,1,0.058813382615335,26,3,1,0.0518086446347248,26,3,1,0.0787573083945046
"27.1",27,3,1,0.0591623214711032,27,3,1,0.0417355464248834,27,3,1,0.0322908851018395,27,3,1,0.05116165932367
"28.1",28,3,1,0.108183728201917,28,3,1,0.0753856826827025,28,3,1,0.0532528457087906,28,3,1,0.0884548001386109
"29.1",29,3,1,0.0793120759805652,29,3,1,0.0551746944932314,29,3,1,0.055128020119087,29,3,1,0.0714226712667423
"30.1",30,3,1,0.0623205507405593,30,3,1,0.0459796927844284,30,3,1,0.0399246072860629,30,3,1,0.0664034075355793
"31.1",31,3,1,0.0642131381364776,31,3,1,0.0473808483375549,31,3,1,0.0368147085618023,31,3,1,0.0534548969614272
"32.1",32,3,1,0.0818308420129986,32,3,1,0.0629547503267721,32,3,1,0.0453255248740312,32,3,1,0.0648312229739323
"33.1",33,3,1,0.0646514366568252,33,3,1,0.0470683104178238,33,3,1,0.0424047108776383,33,3,1,0.0610762568765847
"34.1",34,3,1,0.0705672765758081,34,3,1,0.0475933731115032,34,3,1,0.0364670482226661,34,3,1,0.0452305064235703
"35.1",35,3,1,0.0778210757286971,35,3,1,0.0615556262687093,35,3,1,0.0532860449762523,35,3,1,0.0571770243635526
"36.1",36,3,1,0.0671095988928637,36,3,1,0.0413531613729213,36,3,1,0.038440221997827,36,3,1,0.0570121601112519
"37.1",37,3,1,0.0781328335118642,37,3,1,0.0503599608022212,37,3,1,0.0489005720950315,37,3,1,0.0834700558796008
"38.1",38,3,1,0.0642209422519576,38,3,1,0.0431762470474486,38,3,1,0.0366582452728046,38,3,1,0.0583609905400156
"39.1",39,3,1,0.0784963410112026,39,3,1,0.0597945551629282,39,3,1,0.0440758050583558,39,3,1,0.0788879045490088
"40.1",40,3,1,0.0834468284286217,40,3,1,0.0606730378798979,40,3,1,0.0703713373865218,40,3,1,0.0913437921191152
"41.1",41,3,1,0.0698240156984965,41,3,1,0.0539750851170548,41,3,1,0.0589667798025864,41,3,1,0.067284516697098
"42.1",42,3,1,0.0739615858700149,42,3,1,0.0503174340924109,42,3,1,0.0572514455370901,42,3,1,0.0572945764446222
"44.1",44,3,1,0.0646973734305296,44,3,1,0.0528308048488716,44,3,1,0.0301608993684911,44,3,1,0.0517232802894497
"45.1",45,3,1,0.0806951837686534,45,3,1,0.0592884296346824,45,3,1,0.052252271309333,45,3,1,0.0938540043319548
"46.1",46,3,1,0.0774906491340988,46,3,1,0.048487553295645,46,3,1,0.0322828892805598,46,3,1,0.0710588214786366
"47.1",47,3,1,0.0944243796481555,47,3,1,0.0705469280615134,47,3,1,0.0654883990125737,47,3,1,0.0814520958165268
"48.1",48,3,1,0.0776230794069938,48,3,1,0.0491132200933667,48,3,1,0.0436044616828948,48,3,1,0.0633222113976507
"49.1",49,3,1,0.0416587911622037,49,3,1,0.0317679089495496,49,3,1,0.0330198834590454,49,3,1,0.0336374346822428
"50.1",50,3,1,0.0602723335681088,50,3,1,0.0462277806299813,50,3,1,0.0389180668979276,50,3,1,0.0575051789274216
"51.1",51,3,1,0.0671283272540149,51,3,1,0.0508666617301433,51,3,1,0.0471248608733669,51,3,1,0.0667244699339408
"53.1",53,3,1,0.0648630660115442,53,3,1,0.045235368075869,53,3,1,0.0551530407771739,53,3,1,0.0649989996929457
"54.1",54,3,1,0.119049088061498,54,3,1,0.0778188417447131,54,3,1,0.0689749686123658,54,3,1,0.114784571725107
"55.1",55,3,1,0.0716238203897261,55,3,1,0.0481046020202128,55,3,1,0.0405755413108232,55,3,1,0.068595940987907
"56.1",56,3,1,0.0630698221984903,56,3,1,0.0529494260702738,56,3,1,0.0400885256785026,56,3,1,0.051319731976786
"66.1",66,3,1,0.0586784865544705,66,3,1,0.00764082992069299,66,3,1,0.00749090235619074,66,3,1,0.0510376566337775
"72.1",72,3,1,0.173128285279658,72,3,1,0.071869884025084,72,3,1,0,72,3,1,0.122620014598274
"78.1",78,3,1,0.100867782535161,78,3,1,0.0991904762976658,78,3,1,0.0029195939099872,78,3,1,0.0766114846869723
"1.2",1,3,2,0.0639057681527512,1,3,2,0.0429001571145414,1,3,2,0.0515004893630637,1,3,2,0.0490062814659352
"2.2",2,3,2,0.0331648606012168,2,3,2,0.0331648606012168,2,3,2,0.0115490666913924,2,3,2,0
"4.2",4,3,2,0.0489197501067019,4,3,2,0.0509998642677591,4,3,2,0.0510891575406802,4,3,2,0.0808305971370616
"5.2",5,3,2,0.0686075524140885,5,3,2,0.0474511351761126,5,3,2,0.046753634104334,5,3,2,0.0580509193023704
"6.2",6,3,2,0.0454572674582131,6,3,2,0.0281241484638401,6,3,2,0.0428871347354752,6,3,2,0.0482347411537746
"8.2",8,3,2,0.0269596311634167,8,3,2,0.024007994885944,8,3,2,0.0241612887402139,8,3,2,0.0180909001372041
"9.2",9,3,2,0.0421550337993349,9,3,2,0.044209327408735,9,3,2,0.0732495734098617,9,3,2,0.0596075225466749
"10.2",10,3,2,0.0435410235845988,10,3,2,0.0347738487418545,10,3,2,0.0395138933259749,10,3,2,0.0310459398768637
"11.2",11,3,2,0.065777603687469,11,3,2,0.0539771467614978,11,3,2,0.0552008603824834,11,3,2,0.066367942415168
"12.2",12,3,2,0.0627913689030944,12,3,2,0.0517522091244486,12,3,2,0.0457588742304356,12,3,2,0.0436732964577341
"13.2",13,3,2,0.0561410686940754,13,3,2,0.0471132463899866,13,3,2,0.0638275004911282,13,3,2,0.045957027573736
"15.2",15,3,2,0.0737330272938251,15,3,2,0.0549876149532531,15,3,2,0.0549876149532531,15,3,2,0.0717414671721154
"16.2",16,3,2,0.0595829180391979,16,3,2,0.0595829180391979,16,3,2,0.0595829180391979,16,3,2,0.0595829180391979
"17.2",17,3,2,0.0566495250824638,17,3,2,0.0826370116485196,17,3,2,0.0489195053268177,17,3,2,0.0310646721124657
"18.2",18,3,2,0.0691165421077022,18,3,2,0.0951909423887382,18,3,2,0.0513564202098395,18,3,2,0.0417834813206337
"19.2",19,3,2,0.0680248743927813,19,3,2,0.0677313837345397,19,3,2,0.0148165040786887,19,3,2,0.000293490658241573
"20.2",20,3,2,0.0541795055211285,20,3,2,0.0381338574315691,20,3,2,0.0652019147621837,20,3,2,0.0355115049937815
"21.2",21,3,2,0.0719298585787786,21,3,2,0.0494025627758578,21,3,2,0.0530464999445483,21,3,2,0.0492708670203019
"22.2",22,3,2,0.0597800859455006,22,3,2,0.0422956725125538,22,3,2,0.0476451175778229,22,3,2,0.0683223996148937
"23.2",23,3,2,0.0510558547607664,23,3,2,0.0510558547607664,23,3,2,0.0739584988260212,23,3,2,0.00821761098066902
"24.2",24,3,2,0.0521299589747324,24,3,2,0.0418880180153519,24,3,2,0.0478337860838086,24,3,2,0.0330614924515202
"25.2",25,3,2,0.0511498573059905,25,3,2,0.0419728363341657,25,3,2,0.0406168093096434,25,3,2,0.0271663095498025
"26.2",26,3,2,0.0584313647605157,26,3,2,0.0406986279988717,26,3,2,0.0565224781963884,26,3,2,0.0664304647478565
"27.2",27,3,2,0.0268999528071159,27,3,2,0.0187973105956796,27,3,2,0.0352631594683368,27,3,2,0.0168444800784883
"28.2",28,3,2,0.065363173892726,28,3,2,0.0450255698113983,28,3,2,0.0706748323639817,28,3,2,0.0582701480503484
"29.2",29,3,2,0.0725247931475875,29,3,2,0.0531848705660847,29,3,2,0.0554350156089682,29,3,2,0.0453093704040235
"30.2",30,3,2,0.00228764886094777,30,3,2,0,30,3,2,0.0708928141639284,30,3,2,0.00228764886094777
"31.2",31,3,2,0.040879011973928,31,3,2,0.0223016723405171,31,3,2,0.206451090629018,31,3,2,0.04670181957594
"32.2",32,3,2,0.0930159543601478,32,3,2,0.111691223097822,32,3,2,0.0517289049940773,32,3,2,0.0544824213187128
"33.2",33,3,2,0.00602970026121427,33,3,2,0.00602970026121427,33,3,2,0.0241857459027076,33,3,2,0
"34.2",34,3,2,0.058792010416178,34,3,2,0.044794481195612,34,3,2,0.0424329593183809,34,3,2,0.0516091095768771
"35.2",35,3,2,0.0154492520163058,35,3,2,0.00876067830054449,35,3,2,0.0185115826910767,35,3,2,0.0855346784206618
"36.2",36,3,2,0.0529982889842706,36,3,2,0.0560694140415333,36,3,2,0.0444147057294079,36,3,2,0.034798151535351
"37.2",37,3,2,0.0715881634634518,37,3,2,0.0560750347467222,37,3,2,0.0647285006345954,37,3,2,0.0582442459947391
"38.2",38,3,2,0.0404712863046112,38,3,2,0.0404712863046112,38,3,2,0.0699295088892248,38,3,2,0.0404712863046112
"39.2",39,3,2,0.0609850634309813,39,3,2,0.0416932940378397,39,3,2,0.0499269529370554,39,3,2,0.0559362243216285
"40.2",40,3,2,0.0625923317297968,40,3,2,0.0731292218805609,40,3,2,0.0518261829043243,40,3,2,0.0198226951197077
"41.2",41,3,2,0.0210023971837113,41,3,2,0,41,3,2,0.0415213005867687,41,3,2,0.0210023971837113
"42.2",42,3,2,0.0800969124284754,42,3,2,0.0519313168362722,42,3,2,0.0478057499408187,42,3,2,0.0570664052317489
"44.2",44,3,2,0.035386647405197,44,3,2,0.0281429970893988,44,3,2,0.0150673482738395,44,3,2,0.0156045417259835
"45.2",45,3,2,0.0572812254088032,45,3,2,0.0466586434477442,45,3,2,0.0533201234946724,45,3,2,0.0595119404957852
"46.2",46,3,2,0.0116124363163371,46,3,2,0.0116124363163371,46,3,2,0.00695989478574448,46,3,2,0.0116124363163371
"47.2",47,3,2,0.0448650787725883,47,3,2,0.0318671681578243,47,3,2,0.0359355348319749,47,3,2,0.0396646866158659
"48.2",48,3,2,0.0542845266726878,48,3,2,0.0284494488635486,48,3,2,0.0240003207929381,48,3,2,0.0678359419342759
"49.2",49,3,2,0.0182062314549266,49,3,2,0.0182062314549266,49,3,2,0.0323008757203599,49,3,2,0.0363760958845481
"50.2",50,3,2,0.00806502716209818,50,3,2,0.00806502716209818,50,3,2,0.00806502716209818,50,3,2,0
"51.2",51,3,2,0.0721939763056357,51,3,2,0.0611433479693697,51,3,2,0.0492485358000832,51,3,2,0.0535014856160224
"53.2",53,3,2,0.0602303771459373,53,3,2,0.0440597780878864,53,3,2,0.0450152970568603,53,3,2,0.0433111526404213
"54.2",54,3,2,0.084010890841271,54,3,2,0.0944437397276782,54,3,2,0.103097374710808,54,3,2,0.0710759561630285
"55.2",55,3,2,0.0413600141752833,55,3,2,0.0294983449841277,55,3,2,0.0376769051731593,55,3,2,0.0298540809151604
"56.2",56,3,2,0.1989620376178,56,3,2,0.0682338440647285,56,3,2,0,56,3,2,0.130728193553072
"66.2",66,3,2,0,66,3,2,0,66,3,2,0,66,3,2,0
"72.2",72,3,2,0.130306251813441,72,3,2,0.130306251813441,72,3,2,0,72,3,2,0
"78.2",78,3,2,0.034699961476765,78,3,2,0.0184719907167008,78,3,2,0.0175547509282174,78,3,2,0.0213731663700107
"1.3",1,3,3,0.0533143559239954,1,3,3,0.0311949716849102,1,3,3,0.0484142331967688,1,3,3,0.0221193842390852
"2.3",2,3,3,0.025717780948108,2,3,3,0.00578594128984244,2,3,3,0,2,3,3,0.025717780948108
"4.3",4,3,3,0.0495612004959937,4,3,3,0.0357509361463806,4,3,3,0.100466497534932,4,3,3,0.0390988996903182
"5.3",5,3,3,0.0410479765308562,5,3,3,0.0399906612470311,5,3,3,0.0309685664349507,5,3,3,0.0304732028349627
"6.3",6,3,3,0.0391484186137417,6,3,3,0.026199668147397,6,3,3,0.038913320947148,6,3,3,0.0269094173277526
"8.3",8,3,3,0.0466152856742084,8,3,3,0.0407969448746366,8,3,3,0.04086423703009,8,3,3,0.0306639194655417
"9.3",9,3,3,0.0485452846719946,9,3,3,0.0424245266187317,9,3,3,0.0818499620564547,9,3,3,0.0406307577747632
"10.3",10,3,3,0.0286137209582287,10,3,3,0.0213858969085793,10,3,3,0.0274062474416049,10,3,3,0.0100789945870771
"11.3",11,3,3,0.0123358273338406,11,3,3,0.00956790678310159,11,3,3,0.170286004313762,11,3,3,0.0125864605028177
"12.3",12,3,3,0.0494159762237595,12,3,3,0.0301553495586408,12,3,3,0.0526518979876248,12,3,3,0.0473704758381654
"13.3",13,3,3,0.0602998482690423,13,3,3,0.0533614642347557,13,3,3,0.0332604821201099,13,3,3,0.0218926694958996
"15.3",15,3,3,0.0333615200743362,15,3,3,0.0183642217327814,15,3,3,0.0220211198637533,15,3,3,0.020491053956386
"16.3",16,3,3,0.0222467214330296,16,3,3,0.0097127163378342,16,3,3,0.00783285182299943,16,3,3,0.014860202835261
"17.3",17,3,3,0.0293324683129368,17,3,3,0.0153272674633032,17,3,3,0.01468390843398,17,3,3,0.0235746599897999
"18.3",18,3,3,0.0312369195984083,18,3,3,0.0223016962686706,18,3,3,0.0204861889149401,18,3,3,0.0216006137358756
"19.3",19,3,3,0.0128263555330052,19,3,3,0.00901497642150444,19,3,3,0.00702477747883842,19,3,3,0.00969785662115594
"20.3",20,3,3,0.0207432920664864,20,3,3,0.0246151038684117,20,3,3,0.0424008216595972,20,3,3,0.018183467885951
"21.3",21,3,3,0.0654015392248321,21,3,3,0.0545743342450036,21,3,3,0.0182929539263356,21,3,3,0.0601436169560509
"22.3",22,3,3,0.0223607808768985,22,3,3,0.011004066770773,22,3,3,0.0226634068619413,22,3,3,0.0155729264865393
"23.3",23,3,3,0.0966439592828775,23,3,3,0.0860205116401682,23,3,3,0.0246463928648986,23,3,3,0.0501037161892819
"24.3",24,3,3,0.0409546337277021,24,3,3,0.027927828763642,24,3,3,0.0254628764287015,24,3,3,0.0259604390871188
"25.3",25,3,3,0.0568357994176748,25,3,3,0.0424999263332448,25,3,3,0.0587420184726136,25,3,3,0.0563102162805671
"26.3",26,3,3,0.0383105154461264,26,3,3,0.0199184654493928,26,3,3,0.0148295886932118,26,3,3,0.0248928566230647
"27.3",27,3,3,0.0314956196426942,27,3,3,0.0272295313502826,27,3,3,0.0699564189328593,27,3,3,0.015267821372227
"28.3",28,3,3,0.00440130222563985,28,3,3,0.00440130222563985,28,3,3,0.034411993697979,28,3,3,0
"29.3",29,3,3,0.112746333145185,29,3,3,0.0493168362784954,29,3,3,0.0977935322549149,29,3,3,0.0656619211137852
"30.3",30,3,3,0.0130774797710804,30,3,3,0.0130774797710804,30,3,3,0.0295282737486366,30,3,3,0.00953101861058434
"31.3",31,3,3,0.0220201401131411,31,3,3,0.0205050784566683,31,3,3,0.029797910869393,31,3,3,0.00350500338975649
"32.3",32,3,3,0.0427225789393528,32,3,3,0.0297487836058412,32,3,3,0.0289618017324484,32,3,3,0.0216090496965808
"33.3",33,3,3,0.0300371297064951,33,3,3,0.0185496433480024,33,3,3,0.0553664889672819,33,3,3,0.0300371297064951
"34.3",34,3,3,0.0632087493354677,34,3,3,0.0436940485179793,34,3,3,0.0668088572829903,34,3,3,0.0561558239480359
"35.3",35,3,3,0.067678974146264,35,3,3,0.0477922733934176,35,3,3,0.0444611049346477,35,3,3,0.0607850308985234
"36.3",36,3,3,0.0508032491031043,36,3,3,0.0306056046291224,36,3,3,0.0342873678047815,36,3,3,0.0443183144239624
"37.3",37,3,3,0.0331371566296553,37,3,3,0.0103514647997915,37,3,3,0.043970295983466,37,3,3,0.0431966305804155
"38.3",38,3,3,0.0895182841753225,38,3,3,0.0463899901156886,38,3,3,0.0166911392119675,38,3,3,0.0718199131945735
"39.3",39,3,3,0.0212249349763369,39,3,3,0.0470782056655371,39,3,3,0.0512826385452865,39,3,3,0.0237003574969563
"40.3",40,3,3,0.0335796806293203,40,3,3,0.0149593568318459,40,3,3,0.0636094807678705,40,3,3,0.0242350175011203
"41.3",41,3,3,0.0495493843231166,41,3,3,0.0328204670587386,41,3,3,0.0210235727307457,41,3,3,0.0375468435916119
"42.3",42,3,3,0.0733280764799829,42,3,3,0.0507080691923708,42,3,3,0.152255352065143,42,3,3,0.138017480429619
"44.3",44,3,3,0.0535596767947604,44,3,3,0.0433268617574015,44,3,3,0.0771854434601925,44,3,3,0.039795618481926
"45.3",45,3,3,0.0116060991638143,45,3,3,0.00499583216780104,45,3,3,0.196464410147143,45,3,3,0.00914571188831133
"46.3",46,3,3,0.050220773758799,46,3,3,0.0141413998601632,46,3,3,0.00319774510909792,46,3,3,0.0430601612557132
"47.3",47,3,3,0.0384733939747993,47,3,3,0.0192018705812924,47,3,3,0.0200450490216779,47,3,3,0.026275202650038
"48.3",48,3,3,0.0374847381632787,48,3,3,0.0267143918167762,48,3,3,0.040486472879582,48,3,3,0.0419725288201266
"49.3",49,3,3,0.0257397949561416,49,3,3,0.0170616768053355,49,3,3,0.0135055955026124,49,3,3,0.0485398954355445
"50.3",50,3,3,0.0106347852030122,50,3,3,0,50,3,3,0,50,3,3,0.0106347852030122
"51.3",51,3,3,0.0454976900163056,51,3,3,0.0438561592930681,51,3,3,0.01220432398625,51,3,3,0.0398375167029352
"53.3",53,3,3,0.0278527047412852,53,3,3,0.0242837153488772,53,3,3,0.0569051041795432,53,3,3,0.0153542744094599
"54.3",54,3,3,0.0529178916337516,54,3,3,0.0317481336014619,54,3,3,0.00844333693000408,54,3,3,0.0211697580322897
"55.3",55,3,3,0.0367042011294485,55,3,3,0.0287061785895805,55,3,3,0.0340368799365478,55,3,3,0.0127614463149565
"56.3",56,3,3,0.0437907209013124,56,3,3,0.0391934899071141,56,3,3,0.0206836217201584,56,3,3,0.0348753631843418
"66.3",66,3,3,0.111250538816326,66,3,3,0.0548062691163898,66,3,3,0.0199042893480143,66,3,3,0.123627254877299
"72.3",72,3,3,0.110287457952399,72,3,3,0.0636018949142493,72,3,3,0.0367594376094659,72,3,3,0.0776059702961176
"78.3",78,3,3,0.0104504760823944,78,3,3,0.00903668856678379,78,3,3,0.0222473609277497,78,3,3,0.00447956097110794
"1.4",1,3,4,0.0985584645323375,1,3,4,0.0574968998714459,1,3,4,0.055322124372448,1,3,4,0.0771790713195308
"2.4",2,3,4,0.0305087361736149,2,3,4,0.0518604835665069,2,3,4,0.0527909583206006,2,3,4,0.0214050078251344
"4.4",4,3,4,0.0271412355377322,4,3,4,0.0276641102545577,4,3,4,0.0335107525519337,4,3,4,0.0163596538918999
"5.4",5,3,4,0.0777405115839198,5,3,4,0.0857476353199424,5,3,4,0.0184665377337106,5,3,4,0.0685830816472862
"6.4",6,3,4,0.0314689687532398,6,3,4,0.0191310785528822,6,3,4,0.0379596759601949,6,3,4,0.0239813041361138
"8.4",8,3,4,0.0383709370897009,8,3,4,0.0519082063031704,8,3,4,0.0730938855026197,8,3,4,0.0238586182379722
"9.4",9,3,4,0.0303935248583935,9,3,4,0.021665422060538,9,3,4,0.0183393347564897,9,3,4,0.0411575948317645
"10.4",10,3,4,0.0559508886795716,10,3,4,0.0531776242947662,10,3,4,0.107274116386653,10,3,4,0.0110494719098326
"11.4",11,3,4,0.022904045574613,11,3,4,0.00248705743538437,11,3,4,0.123177019511356,11,3,4,0.0204169881392286
"12.4",12,3,4,0.0599966843089759,12,3,4,0.0228221737993322,12,3,4,0.0336506536681657,12,3,4,0.0471440670773346
"13.4",13,3,4,0.00310240010452562,13,3,4,0.00310240010452562,13,3,4,0.0271434717437293,13,3,4,0.00180058936543882
"15.4",15,3,4,0.0550300851707857,15,3,4,0.0349408918015618,15,3,4,0.0368959895779724,15,3,4,0.0472892326869565
"16.4",16,3,4,0.059096379614546,16,3,4,0.0514547122243618,16,3,4,0.0173428368046523,16,3,4,0.0198880186652466
"17.4",17,3,4,0.0467120445098223,17,3,4,0.0351950007482863,17,3,4,0.00923868483121922,17,3,4,0.0258293850994352
"18.4",18,3,4,0.0377864218152818,18,3,4,0.0312798027609742,18,3,4,0.0250475500358097,18,3,4,0.0694904913730698
"19.4",19,3,4,0.0547291149525798,19,3,4,0.0547291149525798,19,3,4,0.0209277676708308,19,3,4,0.153326121887683
"20.4",20,3,4,0.0487907565450955,20,3,4,0.0600344354683807,20,3,4,0.0105264445400396,20,3,4,0.0282523580553226
"21.4",21,3,4,0.0776222428412303,21,3,4,0.122827951551469,21,3,4,0.0478751333177891,21,3,4,0.183793368482467
"22.4",22,3,4,0.0955796048321748,22,3,4,0.213108584490198,22,3,4,0.0754638240788757,22,3,4,0.0910704697999379
"23.4",23,3,4,0.0781199734355207,23,3,4,0.0518145561362818,23,3,4,0.0720142619455475,23,3,4,0.0947732781144897
"24.4",24,3,4,0.028805547568398,24,3,4,0.0252297008075552,24,3,4,0.017067990397235,24,3,4,0.0321520390337329
"25.4",25,3,4,0.030481376318048,25,3,4,0.0257932951742613,25,3,4,0.100537260176725,25,3,4,0.1770941750304
"26.4",26,3,4,0.0349040251282033,26,3,4,0.0265384435169609,26,3,4,0.113237192077707,26,3,4,0.0227068623297669
"27.4",27,3,4,0.0294672965404122,27,3,4,0.0226138989403046,27,3,4,0.017984797486691,27,3,4,0.0265358526091446
"28.4",28,3,4,0.104048806250491,28,3,4,0.104048806250491,28,3,4,0.0617675867219979,28,3,4,0.0615456659698213
"29.4",29,3,4,0.0589589895243711,29,3,4,0.0148037760112413,29,3,4,0.121301054071862,29,3,4,0.0574074330628762
"30.4",30,3,4,0.0812497811568886,30,3,4,0.0588684935325506,30,3,4,0.116885716426704,30,3,4,0.0571482265804427
"31.4",31,3,4,0.0463558875491043,31,3,4,0.0311247765266741,31,3,4,0.0156179545230945,31,3,4,0.0431286655232398
"32.4",32,3,4,0.0508983991892414,32,3,4,0.0452901182783119,32,3,4,0.0558614637095724,32,3,4,0.0628891658025161
"33.4",33,3,4,0.0516699452766298,33,3,4,0.0447943087793412,33,3,4,0.0616401730309752,33,3,4,0.0289233536837007
"34.4",34,3,4,0.0327332540285027,34,3,4,0.0309803029864956,34,3,4,0.0168470998503116,34,3,4,0.0621996023634815
"35.4",35,3,4,0.0580920120073302,35,3,4,0.0562515263841503,35,3,4,0.0375398064898691,35,3,4,0.0480846524140411
"36.4",36,3,4,0.0467020420368487,36,3,4,0.0282437262517516,36,3,4,0.0107617078813958,36,3,4,0.0682514693833447
"37.4",37,3,4,0.0392890198504485,37,3,4,0.0244805437334994,37,3,4,0.0457876362713165,37,3,4,0.0196069793171136
"38.4",38,3,4,0.0823772194099352,38,3,4,0.0700911368788069,38,3,4,0.01923808145912,38,3,4,0.0979771743532284
"39.4",39,3,4,0.0406745231137688,39,3,4,0.0224709981796438,39,3,4,0.089485483189551,39,3,4,0.038389321003201
"40.4",40,3,4,0.0764944259891327,40,3,4,0.0536745366051445,40,3,4,0.0921917874382031,40,3,4,0.0698464354681339
"41.4",41,3,4,0.060943635051039,41,3,4,0.0358712871995983,41,3,4,0.0155303245872966,41,3,4,0.0497621792922204
"42.4",42,3,4,0.0299196358564188,42,3,4,0.0223345347302323,42,3,4,0.00674358360191084,42,3,4,0.0154503093736619
"44.4",44,3,4,0.0666601220841454,44,3,4,0.0563913956947148,44,3,4,0.0785497713889718,44,3,4,0.0892631896408708
"45.4",45,3,4,0.0471981854058803,45,3,4,0.0332774680110592,45,3,4,0.0606042943944002,45,3,4,0.0525897129847094
"46.4",46,3,4,0.0622783520201376,46,3,4,0.0531274095980113,46,3,4,0.0225862015597717,46,3,4,0.0580859076642733
"47.4",47,3,4,0.102630423788648,47,3,4,0.0561654839345165,47,3,4,0.0580998724236185,47,3,4,0.127715343221762
"48.4",48,3,4,0.025929145795791,48,3,4,0.0198605695182886,48,3,4,0.00723608654407778,48,3,4,0.0288769496706654
"49.4",49,3,4,0.0249415157292807,49,3,4,0.0312519588300983,49,3,4,0.0180317438586289,49,3,4,0.0140674028903575
"50.4",50,3,4,0.111185200083697,50,3,4,0.109305419012668,50,3,4,0.0722004429319229,50,3,4,0.187451852184436
"51.4",51,3,4,0.00919149304242221,51,3,4,0.00406691557614213,51,3,4,0.00121126287594642,51,3,4,0.00582958994788117
"53.4",53,3,4,0.0403443042319256,53,3,4,0.052564354839062,53,3,4,0.0831414763617277,53,3,4,0.0667496400707936
"54.4",54,3,4,0.172384354229152,54,3,4,0.0947855617154776,54,3,4,0.121114623549258,54,3,4,0.302250444878638
"55.4",55,3,4,0.0374970443041193,55,3,4,0.0243399843920571,55,3,4,0.017688559481624,55,3,4,0.0188101715726503
"56.4",56,3,4,0.0453677847353131,56,3,4,0.0342202082199395,56,3,4,0.0085436334947178,56,3,4,0.0132309337330176
"66.4",66,3,4,0.0544790675628438,66,3,4,0.0370293380092098,66,3,4,0.0454369785767144,66,3,4,0.0480122749392394
"72.4",72,3,4,0,72,3,4,0,72,3,4,0,72,3,4,0
"78.4",78,3,4,0.104529744989013,78,3,4,0.104529744989013,78,3,4,0.0412216476408857,78,3,4,0.0560447655241719
"1.5",1,3,5,0.076551458080227,1,3,5,0.0715026013111368,1,3,5,0.0591732973213047,1,3,5,0.078117888160313
"2.5",2,3,5,0.0322084851827739,2,3,5,0.0302358905520206,2,3,5,0.019977834925431,2,3,5,0.0042392851492348
"4.5",4,3,5,0.131830234916723,4,3,5,0.128614683969762,4,3,5,0.0616733877439256,4,3,5,0.0475442560553568
"5.5",5,3,5,0.280201941497767,5,3,5,0.220652518884804,5,3,5,0.0972481503540699,5,3,5,0.222297331254113
"6.5",6,3,5,0.0491437245659019,6,3,5,0.0233365587394169,6,3,5,0.035534491809875,6,3,5,0.0373878559738505
"8.5",8,3,5,0.0569751049567231,8,3,5,0.0460349521250653,8,3,5,0.030635871091222,8,3,5,0.0308260817081762
"9.5",9,3,5,0.0429640660469233,9,3,5,0.0176352868062058,9,3,5,0.0829411613622004,9,3,5,0.0298315297543138
"10.5",10,3,5,0.130310443049788,10,3,5,0.0674963351954285,10,3,5,0.0671637878659559,10,3,5,0.075563177939066
"11.5",11,3,5,0.0467149725098046,11,3,5,0.0304410573795872,11,3,5,0.0192825685244226,11,3,5,0.0286581589021501
"12.5",12,3,5,0.0681217491365229,12,3,5,0.0476389935704659,12,3,5,0.135067459766208,12,3,5,0.0583090998736375
"13.5",13,3,5,0.119713316805244,13,3,5,0.103887667520657,13,3,5,0.0168016999658015,13,3,5,0.13463726471167
"15.5",15,3,5,0.0527187050912257,15,3,5,0.0372131295639836,15,3,5,0.0379842618831532,15,3,5,0.0335447221162401
"16.5",16,3,5,0.0317137631977671,16,3,5,0.0317137631977671,16,3,5,0.0368789710120074,16,3,5,0.00891572086715985
"17.5",17,3,5,0.0453680278961033,17,3,5,0.0378048589370477,17,3,5,0.0247142712533102,17,3,5,0.0144867122893031
"18.5",18,3,5,0.0737426997381071,18,3,5,0.0614317911575902,18,3,5,0.125998964910531,18,3,5,0.030294531272454
"19.5",19,3,5,0.107689539993378,19,3,5,0.0982718815597145,19,3,5,0.108176670089028,19,3,5,0.316811699060131
"20.5",20,3,5,0.076189328515215,20,3,5,0.0401783705043759,20,3,5,0.0313074240230527,20,3,5,0.0904078913923322
"21.5",21,3,5,0.231336453502055,21,3,5,0.193247601780552,21,3,5,0.0744460957092252,21,3,5,0.393962089905065
"22.5",22,3,5,0.120162008992096,22,3,5,0.0968951957929106,22,3,5,0.0354488831923475,22,3,5,0.242297536054804
"23.5",23,3,5,0.0936962166845446,23,3,5,0.0493532159216242,23,3,5,0.0416981394182423,23,3,5,0.112134381383685
"24.5",24,3,5,0.0687305037585516,24,3,5,0.130531103042282,24,3,5,0.142841781546265,24,3,5,0.106554728416911
"25.5",25,3,5,0.0849275874348411,25,3,5,0.0710695579244156,25,3,5,0.0301117187347928,25,3,5,0.0512340747746162
"26.5",26,3,5,0.10227763638972,26,3,5,0.0512834887926354,26,3,5,0.096227703286567,26,3,5,0.0892000491602741
"27.5",27,3,5,0.0220436822986354,27,3,5,0.00803848321215307,27,3,5,0.0296424858657345,27,3,5,0.0189409272303185
"28.5",28,3,5,0.11086126916904,28,3,5,0.0552836631460372,28,3,5,0.406206480909566,28,3,5,0.11086126916904
"29.5",29,3,5,0.0556887995029336,29,3,5,0.0343065759844874,29,3,5,0.0864166052566269,29,3,5,0.0361582211749704
"30.5",30,3,5,0.0770019630611108,30,3,5,0.0557776011691866,30,3,5,0.0468833530766522,30,3,5,0.0324087875230296
"31.5",31,3,5,0.0691982708584401,31,3,5,0.0423458488920748,31,3,5,0.21956554548922,31,3,5,0.0759751810018564
"32.5",32,3,5,0.0551400896834982,32,3,5,0.0471946102341653,32,3,5,0.0133746028517228,32,3,5,0.0768914609018105
"33.5",33,3,5,0.102921406652906,33,3,5,0.0830612157997384,33,3,5,0.0263903613942008,33,3,5,0.052373799877465
"34.5",34,3,5,0.0117622992785635,34,3,5,0.00268925518394109,34,3,5,0.0233007334356448,34,3,5,0.00907304409462242
"35.5",35,3,5,0.0398852771892235,35,3,5,0.0253396932861036,35,3,5,0.036313921335536,35,3,5,0.168275256211261
"36.5",36,3,5,0.0850052023868664,36,3,5,0.0469780563143411,36,3,5,0.122246689295974,36,3,5,0.0650930613193415
"37.5",37,3,5,0.0470167523827459,37,3,5,0.0448090424439947,37,3,5,0.0106537359907723,37,3,5,0.00681752237157797
"38.5",38,3,5,0.0576245407885663,38,3,5,0.039648054493961,38,3,5,0.0191512759845982,38,3,5,0.0576245407885663
"39.5",39,3,5,0.0558733644668465,39,3,5,0.0410842253425845,39,3,5,0.0385268951530147,39,3,5,0.0334479117140539
"40.5",40,3,5,0.105825935519422,40,3,5,0.0732552576010462,40,3,5,0.03311907187811,40,3,5,0.0713399535417187
"41.5",41,3,5,0.0725908638682189,41,3,5,0.0549454787677883,41,3,5,0.0678871246616498,41,3,5,0.052908186064494
"42.5",42,3,5,0.0415014380074968,42,3,5,0.0415014380074968,42,3,5,0.0207559418147562,42,3,5,0.0273977362947432
"44.5",44,3,5,0.0296710507194227,44,3,5,0.0202892550235067,44,3,5,0.11734722226666,44,3,5,0.0296710507194227
"45.5",45,3,5,0.0669729427944607,45,3,5,0.0454007255881455,45,3,5,0.169175930643503,45,3,5,0.0470481590009811
"46.5",46,3,5,0.0826333630623694,46,3,5,0.069752920199299,46,3,5,0.00445298059808143,46,3,5,0.145991543953573
"47.5",47,3,5,0.0562970071273429,47,3,5,0.0489151369085411,47,3,5,0.11759085861017,47,3,5,0.0711902342699248
"48.5",48,3,5,0.197609274329651,48,3,5,0.163551853221456,48,3,5,0.056941616068758,48,3,5,0.0615752667121359
"49.5",49,3,5,0.0571755923927568,49,3,5,0.0571755923927568,49,3,5,0.145435459670704,49,3,5,0.00607500610001688
"50.5",50,3,5,0.0909439208352643,50,3,5,0.0842279355966931,50,3,5,0.0764994997381904,50,3,5,0.0568717844818921
"51.5",51,3,5,0.106748973403593,51,3,5,0.0493851217530254,51,3,5,0.0539836755742128,51,3,5,0.0970233067966999
"53.5",53,3,5,0.0561003433358237,53,3,5,0.0555914717408143,53,3,5,0.0297079969114886,53,3,5,0.0282941098429814
"54.5",54,3,5,0.204177831442632,54,3,5,0.176475121747488,54,3,5,0.597405763265602,54,3,5,0.236256362899933
"55.5",55,3,5,0.0577165726520794,55,3,5,0.0364618843142607,55,3,5,0.00548754633663799,55,3,5,0.025529826182823
"56.5",56,3,5,0.0492480663879805,56,3,5,0.0314555831298187,56,3,5,0.0678260433275937,56,3,5,0.0320049848971948
"66.5",66,3,5,0.0555913612726573,66,3,5,0.0175002425993938,66,3,5,0.0322639746353637,66,3,5,0.0475571753586118
"72.5",72,3,5,0,72,3,5,0,72,3,5,0,72,3,5,0
"78.5",78,3,5,0.00816264448716088,78,3,5,0.0734638003844479,78,3,5,0,78,3,5,0.00816264448716088
"1.11",1,1,6,0.111875764892957,1,1,6,0.0821100626775415,1,1,6,0.0557106526113083,1,1,6,0.10343704681437
"2.11",2,1,6,0.0498546181420917,2,1,6,0.0409043642006081,2,1,6,0.0253648424334637,2,1,6,0.067775065443148
"4.11",4,1,6,0.0857628958417903,4,1,6,0.0620751455637611,4,1,6,0.0694793295537297,4,1,6,0.0671301113209504
"5.11",5,1,6,0.110141323300993,5,1,6,0.0788822170527291,5,1,6,0.0560238361035962,5,1,6,0.117285007340193
"6.11",6,1,6,0.0583471145751152,6,1,6,0.0440992151434216,6,1,6,0.0370157068643834,6,1,6,0.0485101528968699
"8.11",8,1,6,0.0610375603556842,8,1,6,0.050671578086042,8,1,6,0.0358108866119662,8,1,6,0.0518196131799113
"9.11",9,1,6,0.0734183115060253,9,1,6,0.0558803526565556,9,1,6,0.0445654077821631,9,1,6,0.0724444930242337
"10.11",10,1,6,0.0834778698147397,10,1,6,0.0646126367054154,10,1,6,0.0443759612009032,10,1,6,0.0654907700788556
"11.11",11,1,6,0.0429285760015582,11,1,6,0.0307786824884103,11,1,6,0.0871532288116646,11,1,6,0.0459780637463634
"12.11",12,1,6,0.0962018445438688,12,1,6,0.0794347366256083,12,1,6,0.0602095891319288,12,1,6,0.0806572132949351
"13.11",13,1,6,0.0788868256514855,13,1,6,0.0608516172860433,13,1,6,0.0504094115312883,13,1,6,0.0750239171303102
"15.11",15,1,6,0.0688871480997686,15,1,6,0.0479611480359248,15,1,6,0.0314317684366816,15,1,6,0.0484533048121815
"16.11",16,1,6,0.0701904900896675,16,1,6,0.04979086124262,16,1,6,0.0529445439844337,16,1,6,0.0588502091335691
"17.11",17,1,6,0.071132608068419,17,1,6,0.0619271299034659,17,1,6,0.0321466067019246,17,1,6,0.0573145740340667
"18.11",18,1,6,0.0893622141416043,18,1,6,0.0756054403857566,18,1,6,0.0467587591783263,18,1,6,0.0732895750310778
"19.11",19,1,6,0.0806707267092118,19,1,6,0.0642062828842224,19,1,6,0.0421630868784588,19,1,6,0.079386655932977
"20.11",20,1,6,0.0811855706645665,20,1,6,0.0665831500285043,20,1,6,0.0497143766461668,20,1,6,0.0738505103359797
"21.11",21,1,6,0.125184898492575,21,1,6,0.101826312199116,21,1,6,0.0620549963573142,21,1,6,0.11955099504998
"22.11",22,1,6,0.0975036410591458,22,1,6,0.0837811831711684,22,1,6,0.0420851999446056,22,1,6,0.0867229574739022
"23.11",23,1,6,0.106831441245133,23,1,6,0.0810755766171889,23,1,6,0.0400449631856329,23,1,6,0.0853616147953326
"24.11",24,1,6,0.0727681948162705,24,1,6,0.0552713705031681,24,1,6,0.0487616765241794,24,1,6,0.0592513863599132
"25.11",25,1,6,0.0786029441474612,25,1,6,0.0596706588487483,25,1,6,0.0520666483922877,25,1,6,0.0761169977452403
"26.11",26,1,6,0.0974964257274809,26,1,6,0.0718830310283532,26,1,6,0.058747519098282,26,1,6,0.0925918132688243
"27.11",27,1,6,0.0701605338722769,27,1,6,0.0540103983123493,27,1,6,0.0362325937672871,27,1,6,0.0554982940046856
"28.11",28,1,6,0.0991496475012269,28,1,6,0.0749544097619786,28,1,6,0.0645079746646312,28,1,6,0.0794140556806359
"29.11",29,1,6,0.090864972974865,29,1,6,0.0700483904434751,29,1,6,0.0613746957530122,29,1,6,0.0799206838566046
"30.11",30,1,6,0.0815403847475945,30,1,6,0.059480661671526,30,1,6,0.0437841212901929,30,1,6,0.0869883941268375
"31.11",31,1,6,0.070908596533629,31,1,6,0.0531963072319302,31,1,6,0.0381877697013677,31,1,6,0.0548977129149343
"32.11",32,1,6,0.0854273582448242,32,1,6,0.0735116911052441,32,1,6,0.0409057218710239,32,1,6,0.0651751129307609
"33.11",33,1,6,0.0895818978954453,33,1,6,0.0653573609727844,33,1,6,0.0438433409535092,33,1,6,0.08396896503563
"34.11",34,1,6,0.081125650354556,34,1,6,0.0584973205293548,34,1,6,0.0435119539902598,34,1,6,0.0611039592030084
"35.11",35,1,6,0.0815582051738967,35,1,6,0.0618256614999386,35,1,6,0.044643588704842,35,1,6,0.0589133636090881
"36.11",36,1,6,0.0690031024843734,36,1,6,0.0492237916405352,36,1,6,0.0389870470987942,36,1,6,0.0622977659625631
"37.11",37,1,6,0.0841952636184824,37,1,6,0.0657992376633466,37,1,6,0.043697639026558,37,1,6,0.0670778376665893
"38.11",38,1,6,0.0801982387502148,38,1,6,0.0541239064161813,38,1,6,0.0386688580182973,38,1,6,0.0789320317035722
"39.11",39,1,6,0.0920387541443765,39,1,6,0.0762956534354295,39,1,6,0.0500275632783744,39,1,6,0.093804192731179
"40.11",40,1,6,0.097010523695792,40,1,6,0.0737458418644199,40,1,6,0.0685923308697214,40,1,6,0.0949337808867157
"41.11",41,1,6,0.0817818412259525,41,1,6,0.0631623637282875,41,1,6,0.0587711805286991,41,1,6,0.0656307426586659
"42.11",42,1,6,0.0933278641647568,42,1,6,0.0658732433266061,42,1,6,0.0639340238779639,42,1,6,0.0795389000103471
"44.11",44,1,6,0.0816472781184296,44,1,6,0.0734175210125533,44,1,6,0.0429929876504428,44,1,6,0.0661668258672037
"45.11",45,1,6,0.0846234985112407,45,1,6,0.0642664036016821,45,1,6,0.0765125846724938,45,1,6,0.100854116635389
"46.11",46,1,6,0.0996934998331015,46,1,6,0.0673451709898029,46,1,6,0.0197897711472799,46,1,6,0.0858732457792086
"47.11",47,1,6,0.0985205770172133,47,1,6,0.0732743116352295,47,1,6,0.0549666389759847,47,1,6,0.0912143720781506
"48.11",48,1,6,0.0702864847304423,48,1,6,0.0516423384304944,48,1,6,0.0521556257131782,48,1,6,0.0677791762779313
"49.11",49,1,6,0.051741815830128,49,1,6,0.0450367798619783,49,1,6,0.028380989147815,49,1,6,0.0413131591735617
"50.11",50,1,6,0.0767745905187711,50,1,6,0.0625255156243355,50,1,6,0.0441525511235493,50,1,6,0.0704876236015715
"51.11",51,1,6,0.0721707645066389,51,1,6,0.0575827457918657,51,1,6,0.0351693915167067,51,1,6,0.0718036216578539
"53.11",53,1,6,0.0710934065004719,53,1,6,0.0501344554495508,53,1,6,0.0521815085086725,53,1,6,0.0685435516940443
"54.11",54,1,6,0.141552712147466,54,1,6,0.0971059747034499,54,1,6,0.076871455467287,54,1,6,0.132069503328997
"55.11",55,1,6,0.0864123415358707,55,1,6,0.0542568812567555,55,1,6,0.0413656885912034,55,1,6,0.0818817832531014
"56.11",56,1,6,0.0732379091953269,56,1,6,0.0563071616786958,56,1,6,0.0291531459544159,56,1,6,0.0620676444068765
"66.11",66,1,6,0.0651478906284196,66,1,6,0.0413143428877493,66,1,6,0.0151191384273894,66,1,6,0.0579277380524565
"72.11",72,1,6,0.11032914462291,72,1,6,0.0637349558441724,72,1,6,0.0415583768717808,72,1,6,0.0766767127539765
"78.11",78,1,6,0.0562201884404761,78,1,6,0.0433049722996298,78,1,6,0.0214059895325959,78,1,6,0.0395664455592455
"1.21",1,2,6,0.0717260782097618,1,2,6,0.0479712430455341,1,2,6,0.0633657865917137,1,2,6,0.0613413249346766
"2.21",2,2,6,0.0369762024370231,2,2,6,0.023222209761081,2,2,6,0.0332236114362546,2,2,6,0.0289662653112612
"4.21",4,2,6,0.0510066880063542,4,2,6,0.0375750736364693,4,2,6,0.0647066211623277,4,2,6,0.0506409153799651
"5.21",5,2,6,0.0931893287578484,5,2,6,0.0651482593215702,5,2,6,0.0683400818176811,5,2,6,0.102836117393969
"6.21",6,2,6,0.0395746701465632,6,2,6,0.0223966326110425,6,2,6,0.0457318167139483,6,2,6,0.0367699483434963
"8.21",8,2,6,0.0359604867401851,8,2,6,0.0241618904678365,8,2,6,0.0415937683418748,8,2,6,0.0318029098565286
"9.21",9,2,6,0.041845357334935,9,2,6,0.0310948463243166,9,2,6,0.0490335223029764,9,2,6,0.0326583731118565
"10.21",10,2,6,0.0588554553334077,10,2,6,0.041234921307696,10,2,6,0.0548607623152388,10,2,6,0.0398892123540479
"11.21",11,2,6,0.0380623537190666,11,2,6,0.0264170654610135,11,2,6,0.0332633543439351,11,2,6,0.0414783355449587
"12.21",12,2,6,0.0559992830818854,12,2,6,0.0341847621634278,12,2,6,0.048141378025272,12,2,6,0.0489310460015278
"13.21",13,2,6,0.0598331812346903,13,2,6,0.044591109746011,13,2,6,0.0510026563969855,13,2,6,0.0387855798234137
"15.21",15,2,6,0.043631839815299,15,2,6,0.0270668192115513,15,2,6,0.04017877683716,15,2,6,0.0422749648385393
"16.21",16,2,6,0.052039869581619,16,2,6,0.0383921027832778,16,2,6,0.0325989811001847,16,2,6,0.0541450294359798
"17.21",17,2,6,0.0490088051616576,17,2,6,0.0305556073988516,17,2,6,0.0315528885837421,17,2,6,0.0320910254786905
"18.21",18,2,6,0.0608367021111956,18,2,6,0.0461885215888442,18,2,6,0.0501084139567046,18,2,6,0.0556943798791095
"19.21",19,2,6,0.0465241957965934,19,2,6,0.0313906458768745,19,2,6,0.0445578913420545,19,2,6,0.0466469487145421
"20.21",20,2,6,0.0464567034313404,20,2,6,0.0360316248637657,20,2,6,0.0425702832742353,20,2,6,0.0440611178387215
"21.21",21,2,6,0.0911037875908573,21,2,6,0.0626374144284511,21,2,6,0.0581581842178125,21,2,6,0.0876998023008419
"22.21",22,2,6,0.0676616461084763,22,2,6,0.0423603743578432,22,2,6,0.0436298401105225,22,2,6,0.0606044246540177
"23.21",23,2,6,0.0535819739687956,23,2,6,0.0295438054698586,23,2,6,0.0342830984338729,23,2,6,0.0445043848051962
"24.21",24,2,6,0.0455164514082219,24,2,6,0.0305149623283614,24,2,6,0.0407743959814169,24,2,6,0.041297207127987
"25.21",25,2,6,0.0512260223120364,25,2,6,0.040212421463221,25,2,6,0.0432021857127272,25,2,6,0.0582030249388236
"26.21",26,2,6,0.0566739564639685,26,2,6,0.0363047689268487,26,2,6,0.0491782883712827,26,2,6,0.0545471370580409
"27.21",27,2,6,0.0388842847172595,27,2,6,0.0235437660146566,27,2,6,0.0302159508595924,27,2,6,0.0371032853357731
"28.21",28,2,6,0.0818236645121721,28,2,6,0.051960425080854,28,2,6,0.0602395129279721,28,2,6,0.0711116167294945
"29.21",29,2,6,0.0677885721629812,29,2,6,0.0378567708778519,29,2,6,0.0562606693783273,29,2,6,0.0559558367587209
"30.21",30,2,6,0.0424835932390383,30,2,6,0.0320540673798084,30,2,6,0.0461107625895959,30,2,6,0.039651140260271
"31.21",31,2,6,0.0477622275388428,31,2,6,0.0340818851479612,31,2,6,0.0512302741147396,31,2,6,0.0429979829037322
"32.21",32,2,6,0.0531648294283268,32,2,6,0.0399750380864283,32,2,6,0.0439254692355451,32,2,6,0.0412298017721125
"33.21",33,2,6,0.0382117069033545,33,2,6,0.0282850596024772,33,2,6,0.0423088432004463,33,2,6,0.0341554306797579
"34.21",34,2,6,0.046227942694299,34,2,6,0.0308330350630723,34,2,6,0.0384299759011474,34,2,6,0.0382007831889211
"35.21",35,2,6,0.0580934485703604,35,2,6,0.0451046970478718,35,2,6,0.0488574269651418,35,2,6,0.0608013713890081
"36.21",36,2,6,0.0527398907943073,36,2,6,0.032256804704343,36,2,6,0.0353540959052637,36,2,6,0.0440855601822068
"37.21",37,2,6,0.0595214313992402,37,2,6,0.030259109194057,37,2,6,0.0582914356105254,37,2,6,0.0759183129226707
"38.21",38,2,6,0.0496060395127838,38,2,6,0.0348738378912989,38,2,6,0.032447633023061,38,2,6,0.0414346907424283
"39.21",39,2,6,0.056439426713443,39,2,6,0.0373951236164948,39,2,6,0.0423010749561488,39,2,6,0.0536671427334376
"40.21",40,2,6,0.0597594103960856,40,2,6,0.0420094675222709,40,2,6,0.0694567788695405,40,2,6,0.0607878343877969
"41.21",41,2,6,0.0517067692285083,41,2,6,0.0369841826064965,41,2,6,0.0462376044462318,41,2,6,0.0585006858511042
"42.21",42,2,6,0.0535803940294993,42,2,6,0.0342217588591285,42,2,6,0.0560759394204602,42,2,6,0.0426129818343682
"44.21",44,2,6,0.0427443836927244,44,2,6,0.0285904575892444,44,2,6,0.0352970447781802,44,2,6,0.0348087879667324
"45.21",45,2,6,0.0576670150517933,45,2,6,0.0422156385650502,45,2,6,0.0466465853543922,45,2,6,0.0603349428043403
"46.21",46,2,6,0.04883913762745,46,2,6,0.0277801390919251,46,2,6,0.0396182884866625,46,2,6,0.0526654795266595
"47.21",47,2,6,0.0701505131296419,47,2,6,0.0506095256791243,47,2,6,0.0630239177616524,47,2,6,0.0566382187808957
"48.21",48,2,6,0.0488478615532369,48,2,6,0.0261291354414515,48,2,6,0.0252851011439271,48,2,6,0.0414014025374035
"49.21",49,2,6,0.0263065751951741,49,2,6,0.0154962413390695,49,2,6,0.0343992982069012,49,2,6,0.0273056948869128
"50.21",50,2,6,0.0452328307702243,50,2,6,0.0324906040006893,50,2,6,0.0345406586322508,50,2,6,0.0491201520550763
"51.21",51,2,6,0.0537288793228483,51,2,6,0.0404662693213791,51,2,6,0.0472726185606627,51,2,6,0.0451198392333534
"53.21",53,2,6,0.0450982449130013,53,2,6,0.0381894960365953,53,2,6,0.0627071708709089,53,2,6,0.048620922075731
"54.21",54,2,6,0.0966487266281758,54,2,6,0.0616686369468286,54,2,6,0.0732463437832038,54,2,6,0.100684158658683
"55.21",55,2,6,0.0475652432172282,55,2,6,0.0361415647911235,55,2,6,0.0367031501399827,55,2,6,0.041325079297806
"56.21",56,2,6,0.0493512368267022,56,2,6,0.0450264816993896,56,2,6,0.0466583303756684,56,2,6,0.0351199745457159
"66.21",66,2,6,0.0513171468756708,66,2,6,0.0249927348903559,66,2,6,0.0637427086507559,66,2,6,0.0476271932924352
"72.21",72,2,6,0.110310980380866,72,2,6,0.0634830356306444,72,2,6,0.0319367727145824,72,2,6,0.0781605788719914
"78.21",78,2,6,0.0244592884487374,78,2,6,0.0164823028977469,78,2,6,0.0142572589168067,78,2,6,0.0123328153085494
